Title,Price,Modelo,Kilometraje,Color,Puertas,Tipo_Combustible,Publicado
Kia Rio Spice 1.4 Ex Ub,38800000,2013,117.417 km,No disponible,No disponible,No disponible,Publicado hace 3 días
Hyundai Tucson 2.7 Gls,31500000,2007,120.000 km,Negro,5,Gasolina,Publicado hace 3 días
Chevrolet Aveo 1.6 Emotion Mt,26500000,2012,149.000 km,Gris,4,Gasolina,Publicado hace 3 días
Nissan Frontier 2.4 D22/NP300 4x2,56000000,2016,24.197 km,Plateado,4,Gasolina,Publicado hace 3 días
Toyota Corolla Cross 2.0 Xe-i At Hybrid,124500000,2022,70.000 km,Blanco,5,Híbrido,Publicado hace 3 días
Nissan Kicks 1.6 Advance,74500000,2022,36.700 km,Gris,5,Gasolina,Publicado hace 3 días
Ford Escape 2.0 Se 4x2,48000000,2014,84.228 km,Blanco,5,Gasolina,Publicado hace 4 días
Renault Symbol 1.6 Luxe,23000000,2010,126.000 km,Plateado,4,Gasolina,Publicado hace 4 días
Cupra Formentor 1.4,175000000,2024,6.000 km,Gris,5,Híbrido,Publicado hace 4 días
Kia Rio 1.4 5 p,40000000,2013,137.143 km,Gris,5,Gasolina,Publicado hace 4 días
BYD Song Plus 1.5 Dm-I Gl,194000000,2024,6.985 km,Gris,5,Híbrido,Publicado hace 4 días
Kia Rio 1.4 Vibrant Hb 5 p,56000000,2020,61.861 km,Gris,5,Gasolina,Publicado hace 4 días
Toyota Prado 2.7 SUMO 4X4 MT,62000000,2006,220.410 km,Rojo,3,Gasolina,Publicado hace 4 días
Toyota Fortuner 2.7 Sr5 4X2,105000000,2015,99.864 km,Gris,4,Gasolina,Publicado hace 4 días
Toyota Prado 3.0 Tx-l Fl 170 hp,165000000,2015,154.000 km,Plateado,5,Diésel,Publicado hace 4 días
Nissan Frontier 2.5 D22/Np300 Diesel Mt,54000000,2011,101.523 km,Gris,4,Diésel,Publicado hace 4 días
Renault Duster 1.6 Expression,44500000,2016,142.500 km,Gris,5,Gasolina,Publicado hace 4 días
Mazda 2 1.5 15ha1c,41000000,2015,81.233 km,Gris,5,Gasolina,Publicado hace 5 días
Nissan Qashqai 2.0 New Advance,84000000,2020,29.000 km,Azul,5,Gasolina,Publicado hace 5 días
Renault Duster 2.0 Dynamique Mt Full Equipo,46800000,2016,94.000 km,Rojo,5,Gasolina,Publicado hace 5 días
Volkswagen Jetta Comfortline,42000000,2015,79.700 km,Negro,4,Gasolina,Publicado hace 5 días
Ford Ranger 3.2 Xls,109500000,2017,113.500 km,Blanco,2,Diésel,Publicado hace 5 días
Volkswagen Crossfox 1.6l,48900000,2017,20.743 km,Gris,5,Gasolina,Publicado hace 5 días
Toyota Prado 3.0 Tx-l Diesel At 4x4 2019,260000000,2019,70.303 km,Plateado,4,Diésel,Publicado hace 5 días
Great Wall Wingle 7 2.0 Mt 4x4,85000000,2021,75.800 km,Gris,4,Diésel,Publicado hace 5 días
Nissan Kicks 1.6 Advance,68000000,2019,57.800 km,Gris,5,Gasolina,Publicado hace 6 días
Jeep Grand Cherokee 3.7 Laredo,41900000,2007,138.334 km,Gris,5,Gasolina,Publicado hace 6 días
Toyota RAV4 2.0 Street,93000000,2017,59.500 km,Plateado,5,Gasolina,Publicado hace 6 días
Ssangyong Actyon 2.0 A200xdi Diesel 4x4 2011,28000000,2011,165.000 km,Negro,5,Diésel,Publicado hace 6 días
Renault R18 1.4 Glt Camioneta 1983,11000000,1983,268.534 km,Amarillo,4,Gasolina,Publicado hace 6 días
Renault Twingo 1.2 Fidji Dynamique,27850000,2008,62.400 km,Gris,3,Gasolina,Publicado hace 7 días
Ford Edge 3.5 Limited Fl,55000000,2013,41.205 km,Rojo,5,Gasolina,Publicado hace 7 días
Toyota Yaris Cross 1.5 Hev Xls,122000000,2023,5.800 km,Rojo,4,Híbrido,Publicado hace 7 días
Mercedez Benz Glb 200 1.4,180000000,2023,18.911 km,Negro,5,Gasolina,Publicado hace 7 días
Renault Sandero 1.6 Authentique,31000000,2015,113.035 km,Gris,5,Gasolina,Publicado hace 7 días
Seat Ateca Style 1.4 Sport,98000000,2021,18.410 km,Plateado,5,Gasolina,Publicado hace 7 días
Hyundai Tucson 2.0 GL ADVANCE AT 4X2,73000000,2016,88.073 km,Gris,5,Gasolina,Publicado hace 7 días
Ford Edge 2.0 Titanium,96000000,2018,53.164 km,Gris,5,Gasolina,Publicado hace 7 días
Ford Escape 2.0 Se 4x2,75000000,2020,65.000 km,Gris,5,Gasolina,Publicado hace 7 días
Mazda CX-5 2.5 Grand Touring 4x2 At,104000000,2019,41.500 km,Gris,5,Gasolina,Publicado hace 7 días
Ford Ranger 3.2 4x4 Diesel,118000000,2019,114.800 km,Gris,4,Diésel,Publicado hace 7 días
Mitsubishi ASX 2.0 Gls At 4x4,38000000,2011,227.000 km,Gris,5,Gasolina,Publicado hace 7 días
Chevrolet Aveo 1.6 Gti Limited,24000000,2009,100.000 km,Negro,3,Gasolina,Publicado hace 7 días
Toyota Prado 3.4 Vx,90000000,2009,139.396 km,Gris,5,Gasolina,Publicado hace 7 días
Suzuki Grand Vitara 2.4 Sz Glx Sport 4x4,62000000,2016,178.000 km,Plateado,3,Gasolina,Publicado hace 7 días
Renault Logan 1.6 Privilege,36700000,2017,63.000 km,Gris,4,Gasolina,Publicado hace 7 días
Mitsubishi Outlander 3.0l,55000000,2015,89.300 km,Azul,5,Gasolina,Publicado hace 7 días
Kia Sportage Hibrida,98000000,2020,43.300 km,Blanco,5,Híbrido,Publicado hace 7 días
BMW X3 3.0 F25 Xdrive28i,78000000,2012,69.375 km,Blanco,5,Gasolina,Publicado hace 7 días
Chevrolet Onix 1.0 Rs Mt,61500000,2021,30.000 km,Rojo,5,Gasolina,Publicado hace 7 días
Nissan Sentra 2.0 At 2021,85000000,2021,37.695 km,Gris,4,Gasolina,Publicado hace 7 días
Renault Koleos 2.5 Intens,73900000,2018,99.800 km,Gris,5,Gasolina,Publicado hace 7 días
Audi Q3 1.4 Sportback 35 TFSI Ambition plus 4x2,110000000,2020,84.216 km,Azul,5,Gasolina,Publicado hace 7 días
Ford Escape 2.0 Se 4x4,55500000,2015,93.109 km,Blanco,5,Gasolina,Publicado hace 7 días
Hyundai Accent,79500000,2024,21.000 km,Azul,4,Gasolina,Publicado hace 7 días
Mazda 3 2.0 Grand Touring,86500000,2020,67.000 km,Blanco,4,Gasolina,Publicado hace 7 días
Mazda CX-5 2.0 Touring At,73000000,2016,62.195 km,Plateado,5,Gasolina,Publicado hace 7 días
Subaru Legacy 2010,43500000,2010,49.500 km,Azul,4,Gasolina,Publicado hace 7 días
Chevrolet Onix 1.4 Ltz At 4p,42800000,2020,44.900 km,Gris,4,Gasolina,Publicado hace 7 días
Mercedes-Benz Clase GLE 53 3.0 AMG 4MATIC,408000000,2022,30.000 km,Blanco,4,Híbrido,Publicado hace 7 días
Ford Econoline 5.4 E-350 Xlt Sd,94000000,2008,17.233 km,Negro,5,Gasolina,Publicado hace 8 días
Mercedes-Benz Clase GLA 1.6 Urban,94900000,2018,45.000 km,Gris,5,Gasolina,Publicado hace 8 días
Chevrolet Optra 1.8 Advance,21500000,2011,192.000 km,Negro,4,Gasolina,Publicado hace 8 días
Toyota 4Runner 4.0 Sr5 At,129900000,2012,84.000 km,Plateado,4,Gasolina,Publicado hace 8 días
Mercedes Benz Clase C 200 Kompressor,40500000,2008,108.183 km,Azul,4,Gasolina,Publicado hace 8 días
BMW Serie 3 1.5 318i F30 Lci Exclusive,87000000,2018,54.000 km,Plateado,4,Gasolina,Publicado hace 8 días
Renault Stepway 1.6 Zen,51600000,2019,47.100 km,Gris,5,Gasolina,Publicado hace 8 días
Nissan Frontier Np300 Doble Cabina 2018,92000000,2018,69.246 km,Rojo,4,Gasolina,Publicado hace 8 días
Volkswagen Nuevo Jetta Trendline 2.5,35000000,2012,84.000 km,Plateado,4,Gasolina,Publicado hace 8 días
Peugeot 306 1.8 Sr,12800000,1997,286.150 km,Dorado,4,Gasolina,Publicado hace 8 días
Mazda 3 2.0 Sport Grand Touring At,79000000,2018,74.000 km,Gris,5,Gasolina,Publicado hace 8 días
Kia Carens 2.O RONDO EX AT,38000000,2010,115.450 km,Gris,5,Gasolina,Publicado hace 8 días
Nissan X-Trail 2.5 Advance At 4x2,68900000,2017,71.000 km,Azul,5,Gasolina,Publicado hace 8 días
Kia Stonic 1.0 Zenith Hybrid Mt,69000000,2022,23.000 km,Negro,5,Gasolina,Publicado hace 8 días
Toyota Prado 3.0 Tx-l Fl,210000000,2014,115.000 km,Blanco,5,Diésel,Publicado hace 8 días
Chevrolet Grand Vitara 2.0 4wd,42000000,2005,182.000 km,Blanco,4,Gasolina,Publicado hace 8 días
Toyota Corolla 1.8 Se-g,100000000,2022,69.576 km,Plateado,4,Híbrido,Publicado hace 8 días
Mini Cooper 1.6 Jhon Cooper Works Mt,65000000,2010,63.800 km,Rojo,3,Gasolina,Publicado hace 8 días
Toyota Prado 3.0 Tx-l,167000000,2012,165.000 km,Negro,5,Diésel,Publicado hace 8 días
Toyota Prado Tx-l 3.0 Diesel 4x4,279000000,2020,27.000 km,Gris,5,Diésel,Publicado hace 9 días
Volkswagen Tiguan Allspace Trendline 2.0 Tsi 4motion,78500000,2018,62.000 km,Plateado,5,Gasolina,Publicado hace 9 días
Mercedes-Benz Clase GLA 1.3t Amg Line,182000000,2023,15.000 km,Plateado,5,Gasolina,Publicado hace 9 días
Hyundai TUCSON IX-35 2.0 Gl 4x2,58000000,2015,128.000 km,Blanco,5,Gasolina,Publicado hace 9 días
Toyota Land Cruiser 4.5 FZJ73 Macho,120000000,1998,117.000 km,Rojo,3,Gasolina,Publicado hace 9 días
Nissan Tiida 1.8 Premium 4 p,29500000,2012,231.500 km,Plateado,4,Gasolina,Publicado hace 9 días
Mercedes-benz Clase E 2.0 190 E W201 At,29000000,1983,290.000 km,Gris,4,Gasolina,Publicado hace 9 días
Nissan Frontier Np300 2022,148500000,2022,75.600 km,Blanco,4,Diésel,Publicado hace 9 días
Chevrolet Samurai 1.3,30000000,1994,56.121 km,Dorado,5,Gasolina,Publicado hace 9 días
Toyota Hilux 3.0 Srv At 4x4,115000000,2011,177.000 km,Blanco,4,Diésel,Publicado hace 9 días
Land Rover Range Rover 2.0 Evoque,120000000,2017,46.000 km,Gris,5,Gasolina,Publicado hace 9 días
Toyota Land Cruiser 2025,422000000,2025,3.300 km,Gris,5,Diésel,Publicado hace 9 días
Mercedes-Benz Clase E 2.6 190 E W201,50000000,1992,70.600 km,Azul,4,Gasolina,Publicado hace 9 días
Suzuki Vitara 1.6 GL ALL GRIP MT,86900000,2023,28.000 km,Gris,5,Gasolina,Publicado hace 9 días
Hyundai TUCSON IX-35 2.0l 4x4,53000000,2013,456.000 km,Blanco,5,Gasolina,Publicado hace 9 días
Mazda 3 2.0 Touring,66500000,2017,35.360 km,Plateado,4,Gasolina,Publicado hace 9 días
Toyota Fortuner 2.8 4X4,250000000,2023,10.900 km,Blanco,5,Diésel,Publicado hace 9 días
Kia Optima 2.4,70000000,2019,12.000 km,Gris,4,Gasolina,Publicado hace 9 días
Volvo S60 3.0 T6 Awd Premium At,54500000,2011,79.500 km,Blanco,4,Gasolina,Publicado hace 9 días
Renault Captur 2.0 Intens At,75500000,2022,26.200 km,Gris,5,Gasolina,Publicado hace 9 días
Chevrolet Tracker 1.8 Ls,36000000,2015,112.410 km,Rojo,5,Gasolina,Publicado hace 9 días
Ford Ranger Raptor 2022,215000000,2022,49.000 km,Azul,4,Diésel,Publicado hace 9 días
Kia Sportage 2.0 Lx,78000000,2017,63.000 km,Azul,5,Gasolina,Publicado hace 10 días
Ford Raptor F-150 3.5 Supercrew,395000000,2023,8.500 km,Negro,4,Gasolina,Publicado hace 10 días
Ford Escape 2.0 Se 4x2,62800000,2018,56.000 km,Rojo,5,Gasolina,Publicado hace 10 días
Peugeot 208 1.6 Active Hdi,45800000,2017,31.101 km,Negro,5,Diésel,Publicado hace 10 días
Toyota Hilux 2.5 Imv,90000000,2009,143.000 km,Blanco,4,Diésel,Publicado hace 10 días
Audi Q3 2.0 Tfsi Quattro Ambition,59000000,2013,79.455 km,Azul,5,Gasolina,Publicado hace 10 días
JAC S2 1.5 Hfc7151eav,38000000,2017,42.140 km,Naranja,5,Gasolina,Publicado hace 10 días
Mazda CX-30 2.0 Touring At,108000000,2024,7.000 km,Plateado,5,Gasolina,Publicado hace 10 días
Audi A3 Sportline At 2.0,102800000,2018,38.500 km,Blanco,4,Gasolina,Publicado hace 10 días
Chevrolet Colorado 2.8 High Country,148000000,2020,56.732 km,Gris,4,Diésel,Publicado hace 10 días
Dodge Durango 3.6 At,60000000,2014,142.000 km,Negro,5,Gasolina,Publicado hace 10 días
Renault Duster 2.0 Dynamique Mt 4x2,44500000,2015,70.000 km,Blanco,5,Gasolina,Publicado hace 10 días
Nissan Sentra 1.8 EXCLUSIVE PLUS,48000000,2016,25.000 km,Plateado,4,Gasolina,Publicado hace 10 días
Jac S3 Grand S3 Fe 2019,50500000,2019,43.000 km,Rojo,5,Gasolina,Publicado hace 10 días
Mazda CX-30 2.0 Touring Hibrido Ligero - Mhev At,135000000,2025,13.100 km,Rojo,5,Híbrido,Publicado hace 10 días
Ford Escape 2.0 St-Line At 4x4 Sun Roof,119000000,2020,7.000 km,Plateado,5,Gasolina,Publicado hace 10 días
Renault Logan Mt Sedan 2023,53000000,2023,18.500 km,Blanco,4,Gasolina,Publicado hace 10 días
Hyundai I25 Accent 1.4 Gl,44000000,2015,113.257 km,Negro,4,Gasolina,Publicado hace 10 días
Mitsubishi Montero 3.0 V13vna Mt,50000000,2005,213.161 km,Gris,2,Gasolina,Publicado hace 10 días
Volkswagen Jetta New Jetta Trendline At 2012,39800000,2012,89.000 km,Plateado,4,Gasolina,Publicado hace 10 días
Nissan Pathfinder 3.5 R52 Exclusive,80000000,2015,112.000 km,Negro,5,Gasolina,Publicado hace 10 días
Toyota Hilux At 4.0 4x4 R 17,222000000,2022,54.650 km,Plateado,4,Gasolina,Publicado hace 10 días
Mazda CX-3 2.0 Grand Touring Lx At,75000000,2017,104.000 km,Rojo,5,Gasolina,Publicado hace 10 días
Nissan Frontier 2.3 Pro-4X Bi Turbo Diesel At 4x4 2024,212000000,2024,32.626 km,Blanco,5,Diésel,Publicado hace 10 días
Nissan Frontier 2.5 Pro4X 4X4 At,180000000,2025,3.000 km,Gris,4,Gasolina,Publicado hace 10 días
BMW Serie 3 2.0 320i F30 Sportline At,97000000,2018,39.000 km,Blanco,4,Gasolina,Publicado hace 10 días
Nissan Frontier 2.5 le diesel 4x4,188000000,2023 · Publicado hace 10 días,No disponible,Gris,4,Diésel,No disponible
Volvo XC60 2.0 B5 Momentum Hybrido At 4x4,194000000,2022,33.000 km,Plateado,5,Híbrido,Publicado hace 10 días
BMW X1 2.0 F48 Sdrive 20i,138000000,2022,31.000 km,Blanco,5,Gasolina,Publicado hace 10 días
Suzuki New Baleno Glx 1.5,84000000,2024,15.000 km,Azul,5,Gasolina,Publicado hace 11 días
Chevrolet D-Max 2.5 4X4 Mt,95000000,2016,155.245 km,Blanco,4,Diésel,Publicado hace 11 días
Volvo XC40 2.0 Hibrida B4,175000000,2023,11.000 km,Gris,5,Híbrido,Publicado hace 11 días
Renault Logan 1.6 Privilege / Intens,34800000,2016,91.000 km,Gris,4,Gasolina,Publicado hace 11 días
Nissan X Trail[t33] E-power Exclusive At 1.5,190000000,2024,12.200 km,Gris,4,Híbrido,Publicado hace 11 días
Mercedes Benz Clase C 200 2.0 Cgi Exclusive,78900000,2015,77.000 km,Blanco,5,Gasolina,Publicado hace 11 días
Toyota Fortuner 2.7 SRV,220000000,2023,21.700 km,Plateado,5,Gasolina,Publicado hace 11 días
Daihatsu Terios 1.5 Okii,55000000,2007,81.000 km,Gris,5,Gasolina,Publicado hace 11 días
Audi Q5 2.0 Tfsi Quattro Ambition,124000000,2019,40.000 km,Rojo,5,Gasolina,Publicado hace 11 días
Mercedes-Benz Clase GLE 3.0 Amg 4Matic,290000000,2022,43.350 km,Gris,5,Gasolina,Publicado hace 11 días
Mazda Bt-50 4x4 Mt 2010,55000000,2010,130.789 km,Negro,4,Gasolina,Publicado hace 11 días
Nissan Navara Le 2013,92000000,2013,62.800 km,Gris,4,Diésel,Publicado hace 11 días
Chevrolet Cruze 1.4 Ltz 4 p,53000000,2017,57.538 km,Gris,4,Gasolina,Publicado hace 11 días
Citroën C4 Cactus 1.6 Feel Aut,78000000,2024,10.389 km,Blanco,5,Gasolina,Publicado hace 11 días
Chevrolet Traverse 3.6 Premier 7 puestos,130000000,2020,75.000 km,Gris,5,Gasolina,Publicado hace 4 días
Toyota Prado 3.0 Tx-l Fl 170 hp,165000000,2015,154.000 km,Plateado,5,Diésel,Publicado hace 4 días
Nissan NP300 Frontier 2.5l,89000000,2018,72.305 km,Gris,2,Gasolina,Publicado hace 4 días
Nissan Frontier 2.5 D22/Np300 Diesel Mt,54000000,2011,101.523 km,Gris,4,Diésel,Publicado hace 4 días
Nissan X-Trail 2.5 Advance 4x2,79500000,2018,88.550 km,Gris,5,Gasolina,Publicado hace 4 días
Toyota Fortuner 2.7 At 4x2,81000000,2010,192.000 km,Blanco,4,Gasolina,Publicado hace 4 días
Renault Duster 1.6 Expression,44500000,2016,142.500 km,Gris,5,Gasolina,Publicado hace 4 días
Mercedes-benz Clase Gls 450 4matic 2021,344900000,2021,26.900 km,Blanco,5,Híbrido,Publicado hace 4 días
Mazda 2 1.5 15ha1c,41000000,2015,81.233 km,Gris,5,Gasolina,Publicado hace 5 días
Ford Edge 3.5 Limited Fl,41200000,2011,126.797 km,Negro,5,Gasolina,Publicado hace 5 días
Nissan Qashqai 2.0 New Advance,84000000,2020,29.000 km,Azul,5,Gasolina,Publicado hace 5 días
Renault Duster 2.0 Dynamique Mt Full Equipo,46800000,2016,94.000 km,Rojo,5,Gasolina,Publicado hace 5 días
Chevrolet Cruze 1.8 Platinum At,27000000,2011,90.500 km,Gris,5,Gasolina,Publicado hace 5 días
Volkswagen Jetta Comfortline,42000000,2015,79.700 km,Negro,4,Gasolina,Publicado hace 5 días
Volvo XC60 2.0 T8 Awd Inscription Hibrido,157900000,2018,65.260 km,Gris,5,Híbrido,Publicado hace 5 días
Ford Ranger 3.2 Xls,109500000,2017,113.500 km,Blanco,2,Diésel,Publicado hace 5 días
BMW X1 1.5 F48 Sdrive 18i,146900000,2022,10.739 km,Dorado,5,Gasolina,Publicado hace 5 días
Volkswagen Crossfox 1.6l,48900000,2017,20.743 km,Gris,5,Gasolina,Publicado hace 5 días
BMW X3 2.0 F25 Xdrive20d Executive Diesel 4x4,114000000,2016,54.790 km,Blanco,5,Diésel,Publicado hace 5 días
Ford Escape 2.5 St-Line Fwd Ecvt Hibrida,167500000,2023,18.056 km,Blanco,5,Híbrido,Publicado hace 5 días
Toyota Prado 3.0 Tx-l Diesel At 4x4 2019,260000000,2019,70.303 km,Plateado,4,Diésel,Publicado hace 5 días
Toyota Prado 3.0 Tx-l Diesel At 4x4 2019,260000000,2019,70.303 km,Plateado,4,Diésel,Publicado hace 5 días
BMW Serie 3 330i 2.0 G20 Sportline At 4x2 2020,133000000,2020,24.596 km,Plateado,4,Gasolina,Publicado hace 5 días
Renault Duster 2.0 Dynamique 4x2,49800000,2015,140.000 km,Blanco,5,Gasolina,Publicado hace 5 días
Great Wall Wingle 7 2.0 Mt 4x4,85000000,2021,75.800 km,Gris,4,Diésel,Publicado hace 5 días
Chevrolet Joy 1.4 Ltz,46800000,2023,5.960 km,Negro,5,Gasolina,Publicado hace 6 días
Nissan Kicks 1.6 Advance,68000000,2019,57.800 km,Gris,5,Gasolina,Publicado hace 6 días
Ford Escape 2.0 Se,69000000,2017,58.900 km,Blanco,5,Gasolina,Publicado hace 6 días
Jeep Grand Cherokee 3.7 Laredo,41900000,2007,138.334 km,Gris,5,Gasolina,Publicado hace 6 días
Toyota RAV4 2.0 Street,93000000,2017,59.500 km,Plateado,5,Gasolina,Publicado hace 6 días
Ssangyong Actyon 2.0 A200xdi Diesel 4x4 2011,28000000,2011,165.000 km,Negro,5,Diésel,Publicado hace 6 días
Renault R18 1.4 Glt Camioneta 1983,11000000,1983,268.534 km,Amarillo,4,Gasolina,Publicado hace 6 días
Renault Twingo 1.2 Fidji Dynamique,27850000,2008,62.400 km,Gris,3,Gasolina,Publicado hace 7 días
Ford Edge 3.5 Limited Fl,55000000,2013,41.205 km,Rojo,5,Gasolina,Publicado hace 7 días
Toyota Yaris Cross 1.5 Hev Xls,122000000,2023,5.800 km,Rojo,4,Híbrido,Publicado hace 7 días
Mercedez Benz Glb 200 1.4,180000000,2023,18.911 km,Negro,5,Gasolina,Publicado hace 7 días
Renault Sandero 1.6 Authentique,31000000,2015,113.035 km,Gris,5,Gasolina,Publicado hace 7 días
Seat Ateca Style 1.4 Sport,98000000,2021,18.410 km,Plateado,5,Gasolina,Publicado hace 7 días
Hyundai Tucson 2.0 GL ADVANCE AT 4X2,73000000,2016,88.073 km,Gris,5,Gasolina,Publicado hace 7 días
Ford Edge 2.0 Titanium,96000000,2018,53.164 km,Gris,5,Gasolina,Publicado hace 7 días
Ford Escape 2.0 Se 4x2,75000000,2020,65.000 km,Gris,5,Gasolina,Publicado hace 7 días
Mazda CX-5 2.5 Grand Touring 4x2 At,104000000,2019,41.500 km,Gris,5,Gasolina,Publicado hace 7 días
Ford Ranger 3.2 4x4 Diesel,118000000,2019,114.800 km,Gris,4,Diésel,Publicado hace 7 días
Mitsubishi ASX 2.0 Gls At 4x4,38000000,2011,227.000 km,Gris,5,Gasolina,Publicado hace 7 días
Chevrolet Aveo 1.6 Gti Limited,24000000,2009,100.000 km,Negro,3,Gasolina,Publicado hace 7 días
Toyota Prado 3.4 Vx,90000000,2009,139.396 km,Gris,5,Gasolina,Publicado hace 7 días
Suzuki Grand Vitara 2.4 Sz Glx Sport 4x4,62000000,2016,178.000 km,Plateado,3,Gasolina,Publicado hace 7 días
Ford Edge 3.5 Limited Fl,54000000,2013,64.200 km,Gris,5,Gasolina,Publicado hace 7 días
Renault Logan 1.6 Privilege,36700000,2017,63.000 km,Gris,4,Gasolina,Publicado hace 7 días
Mitsubishi Outlander 3.0l,55000000,2015,89.300 km,Azul,5,Gasolina,Publicado hace 7 días
Kia Sportage Hibrida,98000000,2020,43.300 km,Blanco,5,Híbrido,Publicado hace 7 días
BMW X3 3.0 F25 Xdrive28i,78000000,2012,69.375 km,Blanco,5,Gasolina,Publicado hace 7 días
Chevrolet Onix 1.0 Rs Mt,61500000,2021,30.000 km,Rojo,5,Gasolina,Publicado hace 7 días
Nissan Sentra 2.0 At 2021,85000000,2021,37.695 km,Gris,4,Gasolina,Publicado hace 7 días
Renault Koleos 2.5 Intens,73900000,2018,99.800 km,Gris,5,Gasolina,Publicado hace 7 días
Audi Q3 1.4 Sportback 35 TFSI Ambition plus 4x2,110000000,2020,84.216 km,Azul,5,Gasolina,Publicado hace 7 días
Ford Escape 2.0 Se 4x4,55500000,2015,93.109 km,Blanco,5,Gasolina,Publicado hace 7 días
Hyundai Accent,79500000,2024,21.000 km,Azul,4,Gasolina,Publicado hace 7 días
Ford Focus 2.0 Titanium,43000000,2014,60.007 km,Rojo,4,Gasolina,Publicado hace 7 días
Toyota 4Runner 4.0 Sr5 Fl,230000000,2023,40.200 km,Plateado,5,Gasolina,Publicado hace 7 días
Volkswagen Tiguan Tsi 4motion At 2.0 Turbo,52000000,2011,118.000 km,Plateado,5,Gasolina,Publicado hace 7 días
Mazda 3 2.0 Grand Touring,86500000,2020,67.000 km,Blanco,4,Gasolina,Publicado hace 7 días
Nissan X-Trail 2.5 Advance,80000000,2016,65.000 km,Plateado,7,Gasolina,Publicado hace 7 días
Nissan Qashqai At 2.0,46000000,2012,87.000 km,Plateado,5,Gasolina,Publicado hace 7 días
Mazda CX-5 2.0 Touring At,73000000,2016,62.195 km,Plateado,5,Gasolina,Publicado hace 7 días
Subaru Legacy 2010,43500000,2010,49.500 km,Azul,4,Gasolina,Publicado hace 7 días
Chevrolet Onix 1.4 Ltz At 4p,42800000,2020,44.900 km,Gris,4,Gasolina,Publicado hace 7 días
Honda CR-V 1.5 Prestige 2wd Ex,118000000,2020,76.400 km,Gris,5,Gasolina,Publicado hace 7 días
Mercedes-Benz Clase GLE 53 3.0 AMG 4MATIC,408000000,2022,30.000 km,Blanco,4,Híbrido,Publicado hace 7 días
Ford Econoline 5.4 E-350 Xlt Sd,94000000,2008,17.233 km,Negro,5,Gasolina,Publicado hace 8 días
Mercedes-Benz Clase GLA 1.6 Urban,94900000,2018,45.000 km,Gris,5,Gasolina,Publicado hace 8 días
Chevrolet Optra 1.8 Advance,21500000,2011,192.000 km,Negro,4,Gasolina,Publicado hace 8 días
Volvo XC60 2.5 Kinetic 4x4,63900000,2016,67.000 km,Gris,5,Gasolina,Publicado hace 8 días
Toyota 4Runner 4.0 Sr5 At,129900000,2012,84.000 km,Plateado,4,Gasolina,Publicado hace 8 días
Mercedes Benz Clase C 200 Kompressor,40500000,2008,108.183 km,Azul,4,Gasolina,Publicado hace 8 días
BMW Serie 3 1.5 318i F30 Lci Exclusive,87000000,2018,54.000 km,Plateado,4,Gasolina,Publicado hace 8 días
Renault Stepway 1.6 Zen,51600000,2019,47.100 km,Gris,5,Gasolina,Publicado hace 8 días
Nissan Frontier Np300 Doble Cabina 2018,92000000,2018,69.246 km,Rojo,4,Gasolina,Publicado hace 8 días
Volkswagen Nuevo Jetta Trendline 2.5,35000000,2012,84.000 km,Plateado,4,Gasolina,Publicado hace 8 días
Mercedes-Benz Clase GLC 2.O 250 4MATIC,121500000,2019,47.000 km,Gris,5,Gasolina,Publicado hace 8 días
Peugeot 306 1.8 Sr,12800000,1997,286.150 km,Dorado,4,Gasolina,Publicado hace 8 días
Mazda 3 2.0 Sport Grand Touring At,79000000,2018,74.000 km,Gris,5,Gasolina,Publicado hace 8 días
Kia Carens 2.O RONDO EX AT,38000000,2010,115.450 km,Gris,5,Gasolina,Publicado hace 8 días
Renault Duster 2.0 Dynamique Mt 4x2 2014,43800000,2014,77.333 km,Gris,5,Gasolina,Publicado hace 8 días
Nissan X-Trail 2.5 Advance At 4x2,68900000,2017,71.000 km,Azul,5,Gasolina,Publicado hace 8 días
Kia Stonic 1.0 Zenith Hybrid Mt,69000000,2022,23.000 km,Negro,5,Gasolina,Publicado hace 8 días
Toyota Prado 3.0 Tx-l Fl,210000000,2014,115.000 km,Blanco,5,Diésel,Publicado hace 8 días
Chevrolet Tracker 1.8 Ls Mt 4x2,39900000,2014,55.530 km,Gris,5,Gasolina,Publicado hace 8 días
Chevrolet Grand Vitara 2.0 4wd,42000000,2005,182.000 km,Blanco,4,Gasolina,Publicado hace 8 días
Toyota Corolla 1.8 Se-g,100000000,2022,69.576 km,Plateado,4,Híbrido,Publicado hace 8 días
Jeep Grand Cherokee 3.6 Limited,102000000,2018,100.678 km,Gris,5,Gasolina,Publicado hace 8 días
BMW X5 3.0 Xdrive40i 4x4,227000000,2021,30.200 km,Blanco,5,Gasolina,Publicado hace 8 días
Mini Cooper 1.6 Jhon Cooper Works Mt,65000000,2010,63.800 km,Rojo,3,Gasolina,Publicado hace 8 días
Nissan X-Trail 2.5 Advance,97000000,2020,69.357 km,Plateado,5,Gasolina,Publicado hace 8 días
Toyota Prado 3.0 Tx-l,167000000,2012,165.000 km,Negro,5,Diésel,Publicado hace 8 días
Toyota Prado Tx-l 3.0 Diesel 4x4,279000000,2020,27.000 km,Gris,5,Diésel,Publicado hace 9 días
Mazda CX-5 2.5 Grand Touring Carbon Edition Awd At,155000000,2025,5.500 km,Rojo,5,Gasolina,Publicado hace 18 días
Renault Stepway 1.6 Intens Cvt,70400000,2024,11.700 km,Gris,5,Gasolina,Publicado hace 18 días
Citroën Jumper 2.2 FT40 L4H3,85000000,2011,213.055 km,Blanco,1,Diésel,Publicado hace 18 días
Toyota Prado 2.7 Diésel Tx-L BLINDADO,397000000,2024,14.835 km,Plateado,5,Diésel,Publicado hace 18 días
Renault Kangoo Vu Panel 2018,45000000,2018,76.577 km,Blanco,4,Gasolina,Publicado hace 18 días
Honda CR-V 2.4 Ex L,73000000,2014,63.000 km,Plateado,5,Gasolina,Publicado hace 19 días
Renault Logan 1.6 Privilege/Intens Mt,54800000,2021,34.200 km,Gris,4,Gasolina,Publicado hace 19 días
Mazda 3 Touring Mhev At 2 0 Hibrido,108000000,2024,6.100 km,Gris,5,Híbrido,Publicado hace 19 días
Toyota Corolla 1.8 Se-g,95000000,2021,84.400 km,Gris,4,Gasolina,Publicado hace 19 días
Audi Q3 2.0 Tfsi Quattro Progressive,142000000,2022,12.700 km,Gris,5,Gasolina,Publicado hace 19 días
Renault Trafic 1.6 Mt Diesel 2021,115500000,2021,113.180 km,Blanco,5,Diésel,Publicado hace 19 días
Nissan Sentra 2.0 B17 Fl Exclusive RS,82500000,2021,67.000 km,Plateado,4,Gasolina,Publicado hace 19 días
Skoda Fabia 1.6 COMBI ELEGANCE,36800000,2014,70.970 km,Gris,5,Gasolina,Publicado hace 19 días
Toyota Prado 4.0 Tx-l,165000000,2013,83.506 km,Plateado,5,Gasolina,Publicado hace 19 días
Toyota 4Runner 4.0 Limited 4x4 At 2017,173500000,2017,100.020 km,Blanco,5,Gasolina,Publicado hace 19 días
Toyota Prado 2.8 tx-l diesel,315000000,2022,44.000 km,Blanco,5,Diésel,Publicado hace 19 días
BMW Serie 4 2.0 420i Cabriolet,119000000,2017,56.000 km,Blanco,2,Gasolina,Publicado hace 19 días
Volkswagen Gol 1.6 Comfortline,50000000,2021,57.625 km,Plateado,5,Gasolina,Publicado hace 19 días
Honda CR-V 2.4 Ex,69500000,2013,121.000 km,Rojo,5,Gasolina,Publicado hace 19 días
Mazda 3 1.6 Z6nm7 Mt,30000000,2009,184.298 km,Negro,4,Gasolina,Publicado hace 19 días
Toyota 4Runner 4.0 Limited Automática 4X4,117000000,2010,160.000 km,Plateado,5,Gasolina,Publicado hace 19 días
BMW X5 4.4i,42000000,2004,152.000 km,Negro,5,Gasolina,Publicado hace 19 días
Hyundai Accent 1.6 I25 5P,42000000,2015,52.500 km,Negro,5,Gasolina,Publicado hace 19 días
Renault Kwid 1.0 Ionic,46990000,2024,16.000 km,Blanco,5,Gasolina,Publicado hace 19 días
Chevrolet AVEO EMOTION 1.6 Gti,27000000,2011,94.530 km,Azul,2,Gasolina,Publicado hace 19 días
BMW Serie 3 318i 1.8 Mt 2010,40000000,2010,102.000 km,Blanco,5,Gasolina,Publicado hace 20 días
Kia Carnival 2.9 Lx Crd Mt Diesel,60000000,2009,400.000 km,Verde,5,Diésel,Publicado hace 20 días
Chevrolet Cobalt 1.8 Ltz At,33000000,2015,106.000 km,Rojo,4,Gasolina,Publicado hace 20 días
Mini Cooper 1.6 R56 At Coupe,52500000,2013,44.000 km,Rojo,3,Gasolina,Publicado hace 21 días
Volkswagen Virtus 1.6 Comfortline Mt,66000000,2022,39.900 km,Plateado,5,Gasolina,Publicado hace 21 días
Ford Explorer 3.5 Limited,81000000,2016,62.900 km,Blanco,5,Gasolina,Publicado hace 21 días
Ford Escape 3.0 Xlt,39800000,2010,179.800 km,Rojo,5,Gasolina,Publicado hace 21 días
Kia CERATO PRO 1.6l Zenith At,67000000,2019,50.440 km,Plateado,4,Gasolina,Publicado hace 21 días
Renault Clio 1.4 Rn,11800000,1997,202.242 km,Blanco,5,Gasolina,Publicado hace 21 días
Kia Rio 1.4 Ub Ex,49500000,2017,79.900 km,Rojo,4,Gasolina,Publicado hace 21 días
Kia Niro 1.6 Hibrido,122000000,2023,33.775 km,Blanco,5,Híbrido,Publicado hace 21 días
Nissan Qashqai 2.0 Exclusive,84000000,2017,30.300 km,Gris,5,Gasolina,Publicado hace 21 días
Nissan Sentra 1.6 B13,22000000,2012,165.000 km,Gris,4,Gasolina,Publicado hace 21 días
Peugeot 2008 1.2 Francesa Allure Mt,62000000,2019,49.800 km,Rojo,5,Gasolina,Publicado hace 21 días
Honda CR-V 2.4 Ex,39500000,2009,221.000 km,Blanco,5,Gasolina,Publicado hace 21 días
Volkswagen Tiguan 2.0 Sport & Style,58000000,2015,97.000 km,Gris,5,Gasolina,Publicado hace 21 días
Honda WR-V 1.5 LXC Mt,62000000,2020,54.968 km,Gris,5,Gasolina,Publicado hace 21 días
Chevrolet Aveo 1.6 Ls,24000000,2013,152.665 km,Rojo,4,Gasolina,Publicado hace 21 días
Volkswagen Jetta Gli 2.0 2023,135000000,2023,15.541 km,Gris,5,Gasolina,Publicado hace 21 días
Citroën C4 Cactus 1.6 Shine Turbo Aut,58900000,2019,55.380 km,Azul,5,Gasolina,Publicado hace 21 días
BMW X1 2.0 F48 Sdrive 20i,129000000,2020,17.500 km,Blanco,5,Gasolina,Publicado hace 21 días
Nissan Qashqai 2.0 Advance 4x2 2015,60000000,2015,107.952 km,Blanco,5,Gasolina,Publicado hace 21 días
Ford Fiesta 1.6 Hatchback Titanium,37000000,2014,70.000 km,Negro,5,Gasolina,Publicado hace 21 días
Nissan Pathfinder 3.5 R52 Exclusive,80000000,2015,112.000 km,Negro,5,Gasolina,Publicado hace 10 días
Ford Ecosport 2.0 At,48500000,2017,92.000 km,Plateado,5,Gasolina,Publicado hace 10 días
Toyota Hilux At 4.0 4x4 R 17,222000000,2022,54.650 km,Plateado,4,Gasolina,Publicado hace 10 días
Mazda CX-3 2.0 Grand Touring Lx At,75000000,2017,104.000 km,Rojo,5,Gasolina,Publicado hace 10 días
Nissan Frontier 2.3 Pro-4X Bi Turbo Diesel At 4x4 2024,212000000,2024,32.626 km,Blanco,5,Diésel,Publicado hace 10 días
Nissan Frontier 2.5 Pro4X 4X4 At,180000000,2025,3.000 km,Gris,4,Gasolina,Publicado hace 10 días
BMW Serie 3 2.0 320i F30 Sportline At,97000000,2018,39.000 km,Blanco,4,Gasolina,Publicado hace 10 días
Nissan Frontier 2.5 le diesel 4x4,188000000,2023 · Publicado hace 10 días,No disponible,Gris,4,Diésel,No disponible
Volvo XC60 2.0 B5 Momentum Hybrido At 4x4,194000000,2022,33.000 km,Plateado,5,Híbrido,Publicado hace 10 días
BMW X1 2.0 F48 Sdrive 20i,138000000,2022,31.000 km,Blanco,5,Gasolina,Publicado hace 10 días
Suzuki New Baleno Glx 1.5,84000000,2024,15.000 km,Azul,5,Gasolina,Publicado hace 11 días
Chevrolet D-Max 2.5 4X4 Mt,95000000,2016,155.245 km,Blanco,4,Diésel,Publicado hace 11 días
Volvo XC40 2.0 Hibrida B4,175000000,2023,11.000 km,Gris,5,Híbrido,Publicado hace 11 días
Renault Logan 1.6 Privilege / Intens,34800000,2016,91.000 km,Gris,4,Gasolina,Publicado hace 11 días
Nissan X Trail[t33] E-power Exclusive At 1.5,190000000,2024,12.200 km,Gris,4,Híbrido,Publicado hace 11 días
Mercedes Benz Clase C 200 2.0 Cgi Exclusive,78900000,2015,77.000 km,Blanco,5,Gasolina,Publicado hace 11 días
Toyota Fortuner 2.7 SRV,220000000,2023,21.700 km,Plateado,5,Gasolina,Publicado hace 11 días
Daihatsu Terios 1.5 Okii,55000000,2007,81.000 km,Gris,5,Gasolina,Publicado hace 11 días
Audi Q5 2.0 Tfsi Quattro Ambition,124000000,2019,40.000 km,Rojo,5,Gasolina,Publicado hace 11 días
Mercedes-Benz Clase GLE 3.0 Amg 4Matic,290000000,2022,43.350 km,Gris,5,Gasolina,Publicado hace 11 días
Mazda Bt-50 4x4 Mt 2010,55000000,2010,130.789 km,Negro,4,Gasolina,Publicado hace 11 días
Nissan Navara Le 2013,92000000,2013,62.800 km,Gris,4,Diésel,Publicado hace 11 días
Chevrolet Cruze 1.4 Ltz 4 p,53000000,2017,57.538 km,Gris,4,Gasolina,Publicado hace 11 días
Chevrolet Cruze 1.4 Ltz 4 p,53000000,2017,57.538 km,Gris,4,Gasolina,Publicado hace 11 días
Citroën C4 Cactus 1.6 Feel Aut,78000000,2024,10.389 km,Blanco,5,Gasolina,Publicado hace 11 días
Toyota Hilux 2.7 Gasolina,170000000,2023,7.500 km,Blanco,4,Gasolina,Publicado hace 11 días
Jeep Wrangler 3.8 Rubicon,115000000,2008,90.100 km,Negro,5,Gasolina,Publicado hace 11 días
Porsche Cayenne 3.6 V6 Luxury,125000000,2009,84.987 km,Gris,5,Gasolina,Publicado hace 11 días
Mazda 3 2.5 Grand Touring Lx,103000000,2022,23.479 km,Gris,4,Gasolina,Publicado hace 11 días
Ford Fiesta 1.6 Titanium 2013,27000000,2013,122.358 km,Plateado,4,Gasolina,Publicado hace 11 días
Peugeot 2008 1.6 Allure,63000000,2018,35.450 km,Gris,5,Gasolina,Publicado hace 11 días
Renault Logan 1.6 Life Mt,65000000,2025,548 km,Blanco,4,Gasolina,Publicado hace 11 días
Toyota Fortuner 2.7L STREET,169000000,2017,123.200 km,Plateado,4,Gasolina,Publicado hace 11 días
Chevrolet Sail 1.4 Ls Mt,32000000,2017,70.000 km,Rojo,4,Gasolina,Publicado hace 11 días
Mazda CX-5 2.0 Touring,129000000,2024,22.201 km,Gris,5,Gasolina,Publicado hace 11 días
Ford Fiesta 1.6 Se At,33000000,2014,94.700 km,Azul,5,Gasolina,Publicado hace 12 días
Volkswagen Jetta 2.0 Trendline 2012,31500000,2012,113.000 km,Plateado,4,Gasolina,Publicado hace 12 días
Renault Logan 1.6 Life,68000000,2024,15.000 km,Blanco,4,Gasolina,Publicado hace 12 días
Subaru Forester 2.0l Symmetrical Mt 2018,82000000,2018,51.000 km,Gris,5,Gasolina,Publicado hace 13 días
Volkswagen Tiguan Allspace Comfortline 2.0 Tsi 4motion,93000000,2019,42.938 km,Plateado,5,Gasolina,Publicado hace 14 días
Audi Q5 2.0 Tfsi S-tronic Luxury,72000000,2013,107.000 km,Plateado,5,Gasolina,Publicado hace 14 días
Ford Escape 2.0 Titanium,75000000,2018,67.100 km,Gris,5,Gasolina,Publicado hace 14 días
BMW Serie 3 2.0 328i F30 Sportline,59000000,2012,184.000 km,Gris,4,Gasolina,Publicado hace 14 días
Renault Kangoo 1.6 Express Mt,57500000,2022,54.600 km,Blanco,4,Gasolina,Publicado hace 23 días
Mazda CX-5 2.5 Grand Touring Lx 4x2,127000000,2022,29.291 km,Rojo,5,Gasolina,Publicado hace 23 días
Nissan Versa 1.6 Advance,69500000,2022,28.000 km,Plateado,4,Gasolina,Publicado hace 23 días
Mazda 3 2.0 Touring Mt,61600000,2018,68.103 km,Azul,4,Gasolina,Publicado hace 23 días
Dodge Journey 2.4 Se Fl,41000000,2015,79.712 km,Blanco,5,Gasolina,Publicado hace 24 días
Renault Logan 1.4 Entry Familier Fii,33000000,2016,97.463 km,Gris,4,Gasolina,Publicado hace 24 días
Toyota Prado 3.0 Tx-l Fl,210000000,2017,85.652 km,Blanco,5,Diésel,Publicado hace 24 días
Volkswagen Gol 1.6 Trendline Mt,42500000,2019,55.753 km,Negro,5,Gasolina,Publicado hace 24 días
Chevrolet Tracker Premier 4*2 1.2,75000000,2021,31.000 km,Plateado,5,Gasolina,Publicado hace 24 días
Ford Ranger 2.2 Xl,172500000,2023,6.150 km,Plateado,2,Diésel,Publicado hace 24 días
Toyota Hilux 2.4 4x4,175000000,2021,50.000 km,Plateado,4,Diésel,Publicado hace 24 días
Toyota Hilux 2.4 4x4,175000000,2021,50.000 km,Plateado,4,Diésel,Publicado hace 24 días
Chevrolet N300 1.2 Cargo,32000000,2012,295.981 km,Blanco,2,Gasolina,Publicado hace 24 días
BMW X3 2.0 XDRIVE30E AT HIBRIDA,229900000,2022,45.000 km,Blanco,5,Híbrido,Publicado hace 24 días
Mercedes-Benz Clase GLE 3.0 4matic Gasolina,185000000,2017,76.477 km,Azul,5,Diésel,Publicado hace 24 días
Hyundai TUCSON IX-35 2.0l 164 hp 4x2,56800000,2014,125.414 km,Plateado,5,Gasolina,Publicado hace 24 días
Honda CR-V 2.0 Rvi,26500000,1998,298.446 km,Blanco,5,Gasolina,Publicado hace 24 días
Mercedes-Benz Clase C 180 1.6 Limited Plus,78000000,2015,39.030 km,Gris,4,Gasolina,Publicado hace 24 días
Suzuki S-Cross 1.4 turbo Glx All Grip,99500000,2023,11.150 km,Azul,5,Gasolina,Publicado hace 24 días
Kia Sportage 2.0 Desire Aut,95000000,2020,65.500 km,Plateado,5,Gasolina,Publicado hace 24 días
Kia Soul 1.6,52000000,2016,69.160 km,Negro,5,Gasolina,Publicado hace 24 días
Nissan NP300 Frontier 2.5 Mt 4x2 2019,94500000,2019,78.240 km,Plateado,4,Gasolina,Publicado hace 24 días
Nissan Sentra 1.8 B17 Fl Sr,60000000,2020,75.000 km,Gris,4,Gasolina,Publicado hace 24 días
Nissan Sentra 1.8 B17 Fl Sr,60000000,2020,75.000 km,Gris,4,Gasolina,Publicado hace 24 días
Mini Countryman 1.5 F60 Cooper Se All 4 hibrido 4X4,176000000,2023,13.500 km,Gris,5,Híbrido,Publicado hace 24 días
Toyota Fortuner 2.7 Sr5 At 4X4,87500000,2010,175.500 km,Plateado,5,Híbrido,Publicado hace 24 días
Toyota Fortuner 2.7l Sr5 4x2,115000000,2016,122.000 km,Plateado,5,Gasolina,Publicado hace 24 días
Suzuki Swift 1.2 live,37000000,2015,87.000 km,Blanco,5,Gasolina,Publicado hace 24 días
Chevrolet Sonic 1.6 Lt 4 p,42750000,2018,67.500 km,Plateado,4,Gasolina,Publicado hace 25 días
BMW X4 2.0 Xdrive30i,161500000,2020,58.600 km,Plateado,5,Gasolina,Publicado hace 25 días
Renault Clio 1.2 Sport Style,35000000,2016,48.500 km,Negro,5,Gasolina,Publicado hace 25 días
Chevrolet Captiva 3.0 Sport At,46000000,2013,35.160 km,Gris,4,Gasolina,Publicado hace 25 días
Jeep Wrangler 3.6 Sport,120000000,2014,98.098 km,Gris,3,Gasolina,Publicado hace 25 días
Volkswagen Amarok 2.0 Highline 177 hp,85000000,2014,193.453 km,Gris,4,Diésel,Publicado hace 25 días
Dfsk Eq5025xxyf13 1.2,55000000,2023,50.300 km,Blanco,5,Gasolina,Publicado hace 25 días
Mazda CX-5 2.5 Grand Touring 4X4,84900000,2016,96.823 km,Plateado,5,Gasolina,Publicado hace 25 días
Nissan Versa 1.6 Advance,66500000,2021,20.000 km,Azul,4,Gasolina,Publicado hace 25 días
Audi Q5 2.0 Tfsi S-tronic Luxury,67900000,2013,65.000 km,Gris,5,Gasolina,Publicado hace 25 días
Volvo XC40 2.0 B4 Hibrida At 4x2,178000000,2023,4.980 km,Plateado,5,Híbrido,Publicado hace 25 días
Hyundai TUCSON IX-35 2.0 4x4,45500000,2011,151.000 km,Azul,4,Diésel,Publicado hace 25 días
Volkswagen Jetta 1.4 Tsi Comfortline,68000000,2020,57.933 km,Gris,5,Gasolina,Publicado hace 25 días
Ford Escape 2.0 TITANIUM 4X2,76000000,2019,82.000 km,Plateado,5,Gasolina,Publicado hace 25 días
SsangYong Actyon Sports 2.0 D20dt Ch1,35000000,2011,213.911 km,Blanco,4,Diésel,Publicado hace 25 días
Peugeot 206 1.6 Premium Line At,18000000,2008,95.600 km,Negro,5,Gasolina,Publicado hace 25 días
Toyota Prado 3.0 Txl At 4x4,270000000,2019,90.000 km,Blanco,5,Diésel,Publicado hace 25 días
Mazda mx-30 0.0 Grand Touring,113000000,2023,11.480 km,Blanco,4,Eléctrico,Publicado hace 26 días
Jeep Compass 2.4 Sport 4x2,69000000,2019,64.000 km,Gris,5,Gasolina,Publicado hace 26 días
Kia Picanto 1.25 Ion Xtrem,33450000,2012,111.623 km,Plateado,5,Gasolina,Publicado hace 26 días
Renault Clio Style Mt 1.2,31500000,2016,66.390 km,Gris,5,Gasolina,Publicado hace 16 días
Suzuki Ertiga 1.4 Mt,52000000,2018,224.000 km,Gris,5,Gasolina,Publicado hace 16 días
Toyota Fortuner 2.7 Srv 2022,200000000,2022,21.908 km,Blanco,4,Gasolina,Publicado hace 16 días
Hyundai TUCSON IX-35 2.0 Gl,57000000,2015,101.000 km,Plateado,5,Gasolina,Publicado hace 16 días
Citroen C4 1.6 Cactus Shine,68000000,2021,47.300 km,Rojo,5,Gasolina,Publicado hace 17 días
Mazda CX-3 2.0 Grand Touring Lx At,78000000,2019,70.200 km,Gris,5,Gasolina,Publicado hace 17 días
Audi Q3 2.0 Tfsi Quattro Ambition,74000000,2015,115.898 km,Blanco,5,Gasolina,Publicado hace 17 días
Mazda CX-30 2.0 Touring At,110000000,2024,12.000 km,Plateado,5,Gasolina,Publicado hace 17 días
Nissan March 1.6 Advance At,33800000,2013,115.000 km,Rojo,5,Gasolina,Publicado hace 17 días
BMW X1 2.0 Sdrive 20i At,99000000,2019,60.500 km,Plateado,5,Gasolina,Publicado hace 17 días
Chevrolet Aveo Emotion Gt Versión Especial 2014,29500000,2014,107.771 km,Gris,5,Gasolina,Publicado hace 17 días
Chevrolet Gmc 454 Ss 1991,235000000,1991,2.535 km,Negro,2,Gasolina,Publicado hace 17 días
Chery YOYA 1.5 Van Pass 2,33000000,2015,263.000 km,Blanco,5,Gasolina y gas,Publicado hace 17 días
Bmw 730d 3.0 Executive Lounge Diesel 2016,450000000,2016,66.500 km,Gris,4,Diésel,Publicado hace 17 días
Ford F-150 5.4 Lightning At,205000000,2004,19.480 km,Azul,2,Gasolina,Publicado hace 17 días
Volkswagen Virtus 1.6 Comfortline At,61500000,2020,22.050 km,Gris,4,Gasolina,Publicado hace 17 días
Chevrolet Sail 1.4 Ls,37000000,2020,55.096 km,Gris,4,Gasolina,Publicado hace 17 días
Volkswagen Gol 1.6 Trendline Mt,36500000,2018,94.400 km,Gris,5,Gasolina,Publicado hace 17 días
Ford Escape 2.5 Se Hev (Hibrida),110000000,2021,33.471 km,Plateado,5,Híbrido,Publicado hace 17 días
Ford Escape 3.0 Xlt,36000000,2012,172.000 km,Azul,5,Gasolina,Publicado hace 17 días
Nissan Qashqai 2.0 Exclusive 140 hp,90000000,2019,102.000 km,Azul,5,Gasolina,Publicado hace 17 días
Mitsubishi Montero Hard Top 2008,58800000,2008,147.815 km,Azul,3,Gasolina,Publicado hace 17 días
Jeep Renegade Chrysler Wrangler 1993,145000000,1993,53.364 km,Rojo,2,Gasolina,Publicado hace 18 días
Volkswagen T-Cross 1.0 TRENDLINE,86000000,2023,22.960 km,Gris,5,Gasolina,Publicado hace 18 días
Honda CR-V 2.4 LXC,51500000,2012,92.000 km,Gris,5,Gasolina,Publicado hace 18 días
Ford Explorer St 3.0 Turbo 4x4,183000000,2021,30.100 km,Blanco,5,Gasolina,Publicado hace 18 días
Renault Twingo 1.2 Access Mt,20500000,2012,148.000 km,Gris,3,Gasolina,Publicado hace 18 días
Renault Duster 2.0 Dynamique 4x2,42000000,2015,156.000 km,Rojo,5,Gasolina y gas,Publicado hace 18 días
Mazda cx-50 2.5 Grand Touring At,151000000,2024,8.837 km,Azul,5,Gasolina,Publicado hace 18 días
Mercedes Benz Clase A200 Sport Hb 2016,68000000,2016,54.000 km,Plateado,5,Gasolina,Publicado hace 18 días
Mercedes Benz Cla200 1.6 At 2014,67900000,2014,94.000 km,Gris,4,Gasolina,Publicado hace 18 días
Toyota Corolla 1.8 Seg Hibrido,129000000,2024,4.600 km,Gris,4,Híbrido,Publicado hace 18 días
Chevrolet Orlando 2.4 Lt,37000000,2013,96.121 km,Rojo,5,Gasolina,Publicado hace 18 días
Toyota Prado 2.7 Tx Sumo,138500000,2014,126.500 km,Blanco,2,Gasolina,Publicado hace 18 días
Toyota Yaris Cross 1.5 Hev Xls,127000000,2024,26.000 km,Gris,5,Híbrido,Publicado hace 18 días
Ford Ecosport 2.0 Titanium At,42500000,2013,90.000 km,Blanco,4,Gasolina,Publicado hace 18 días
Mazda CX-5 2.5 Grand Touring Carbon Edition Awd At,155000000,2025,5.500 km,Rojo,5,Gasolina,Publicado hace 18 días
Renault Stepway 1.6 Intens Cvt,70400000,2024,11.700 km,Gris,5,Gasolina,Publicado hace 18 días
Citroën Jumper 2.2 FT40 L4H3,85000000,2011,213.055 km,Blanco,1,Diésel,Publicado hace 18 días
Toyota Prado 2.7 Diésel Tx-L BLINDADO,397000000,2024,14.835 km,Plateado,5,Diésel,Publicado hace 18 días
Renault Kangoo Vu Panel 2018,45000000,2018,76.577 km,Blanco,4,Gasolina,Publicado hace 18 días
Honda CR-V 2.4 Ex L,73000000,2014,63.000 km,Plateado,5,Gasolina,Publicado hace 19 días
Renault Logan 1.6 Privilege/Intens Mt,54800000,2021,34.200 km,Gris,4,Gasolina,Publicado hace 19 días
Mazda 3 Touring Mhev At 2 0 Hibrido,108000000,2024,6.100 km,Gris,5,Híbrido,Publicado hace 19 días
Toyota Corolla 1.8 Se-g,95000000,2021,84.400 km,Gris,4,Gasolina,Publicado hace 19 días
Audi Q3 2.0 Tfsi Quattro Progressive,142000000,2022,12.700 km,Gris,5,Gasolina,Publicado hace 19 días
Renault Trafic 1.6 Mt Diesel 2021,115500000,2021,113.180 km,Blanco,5,Diésel,Publicado hace 19 días
Nissan Sentra 2.0 B17 Fl Exclusive RS,82500000,2021,67.000 km,Plateado,4,Gasolina,Publicado hace 19 días
Nissan March 1.6 Active Plus,38500000,2017,40.000 km,Gris,5,Gasolina,Publicado hace 30 días
Volkswagen Gol Trendline Hatchback 1.6,37500000,2017,51.111 km,Rojo,5,Gasolina,Publicado hace 30 días
Nissan Sentra 1.8 SD,18000000,2005,178.000 km,Plateado,4,Gasolina,Publicado hace 30 días
Ford Edge 3.5 Se Secuencial 4x4,44800000,2011,78.800 km,Azul,5,Gasolina,Publicado hace 30 días
Mercedes-Benz Clase A 2.0 A 250 Sport,68000000,2016,104.000 km,Blanco,5,Gasolina,Publicado hace 30 días
Chevrolet Blazer 3.6 V6 Rs Awd At,128000000,2022,39.828 km,Rojo,4,Gasolina,Publicado hace 30 días
Ford Explorer 2.3 Limited 4x4,154000000,2020,48.500 km,Plateado,5,Gasolina,Publicado hace 30 días
Nissan X-Trail 2.5 Advance Mt,99000000,2021,61.000 km,Plateado,5,Gasolina,Publicado hace 30 días
Audi Q7 3.0 Tfsi Quattro Progressive,150000000,2017,36.479 km,Dorado,5,Gasolina,Publicado hace 30 días
Mercedes-Benz Clase GLC 300 4MATIC 2.0,190000000,2021,24.277 km,Plateado,5,Gasolina,Publicado hace 30 días
Toyota Yaris Cross 1.5 XLS HYBRID,130000000,2024,35.000 km,Plateado,4,Híbrido,Publicado hace 30 días
Chevrolet Spark 1.0 Lt,20500000,2009,173.500 km,Rojo,4,Gasolina,Publicado hace 30 días
Hyundai Tucson 2.0 Limited 4X2,132000000,2024,10.150 km,Gris,5,Gasolina,Publicado hace 30 días
Mitsubishi Montero 3.0 V13,45900000,2005,146.000 km,Azul,5,Gasolina,Publicado hace 30 días
Land Rover Range Rover Evoque Prestige At 2.0,79900000,2013,164.000 km,Rojo,5,Gasolina,Publicado hace 31 días
Chevrolet Spark 1.0 Life,30500000,2019,21.760 km,Negro,4,Gasolina,Publicado hace 31 días
Chevrolet Spark 1.0 Life,30500000,2019,21.760 km,Negro,4,Gasolina,Publicado hace 31 días
BMW Serie 4 2.0 430i Coupe Edición M AT,185000000,2023,17.578 km,Blanco,2,Gasolina,Publicado hace 31 días
Ford Expedition 3.5 Limited,135000000,2017,41.000 km,Negro,5,Gasolina,Publicado hace 31 días
Hafei Ruiyi 1.0 HFJ1011H MT,22000000,2007,348.808 km,Blanco,4,Gasolina,Publicado hace 31 días
Chevrolet Captiva 1.5 T Premier At,78900000,2020,33.000 km,Negro,5,Gasolina,Publicado hace 31 días
Mazda CX-30 2.0 Grand Touring At,115000000,2022,17.860 km,Gris,5,Gasolina,Publicado hace 31 días
Mercedes-benz Clase A 1.6 A200 (w176) At,58000000,2014,64.780 km,Plateado,5,Gasolina,Publicado hace 31 días
Chevrolet Captiva 1.5 LT/LTZ TURBO,74300000,2021,31.983 km,Plateado,5,Gasolina,Publicado hace 31 días
Nissan Frontier D22/np300,51000000,2011,182.400 km,Gris,4,Gasolina,Publicado hace 31 días
Toyota Corolla Cross 1.8 Hev Seg Cvt,164900000,2025,6.570 km,Blanco,5,Híbrido,Publicado hace 31 días
Land Rover Range Rover 4x4,980000000,2023,2.690 km,Verde,5,Gasolina,Publicado hace 31 días
Audi A3 1.8 TFSI AMBITION AT,70000000,2017,52.088 km,Gris,4,Gasolina,Publicado hace 31 días
Renault Koleos 2.5 Dynamique,42000000,2015,105.000 km,Blanco,5,Gasolina,Publicado hace 31 días
Volkswagen Jetta Vi 2.0 Comfortline,52750000,2017,62.500 km,Blanco,4,Gasolina,Publicado hace 31 días
Chevrolet Tracker 1.8 Lt At,46000000,2015,76.510 km,Negro,5,Gasolina,Publicado hace 32 días
BMW X3 E83 3.0si,46000000,2008,110.382 km,Plateado,5,Gasolina,Publicado hace 32 días
Renault R12 1.3 Ts 5 p,12000000,1979,50.575 km,Blanco,5,Gasolina,Publicado hace 32 días
Toyota Fj Cruiser 4.0 V6,119500000,2008,120.180 km,Blanco,5,Gasolina,Publicado hace 32 días
Volkswagen Golf 1.6 Comfortline,50000000,2016,75.644 km,Plateado,5,Gasolina,Publicado hace 32 días
Toyota Prado 3.0 tx diesel,154000000,2014,240.000 km,Blanco,4,Diésel,Publicado hace 32 días
Toyota Prado 3.0 tx diesel,154000000,2014,240.000 km,Blanco,4,Diésel,Publicado hace 32 días
BMW Serie 5 2.5 523i F10 Executive,65500000,2011,81.000 km,Negro,4,Gasolina,Publicado hace 32 días
Mazda CX-5 2.0 Touring At,87000000,2018,65.000 km,Gris,5,Gasolina,Publicado hace 33 días
Mercedes-Benz Clase GLE 3.0 Coupe 4matic,245000000,2021,31.000 km,Blanco,5,Gasolina,Publicado hace 33 días
Mercedes-Benz Clase GLE 350 D 4MATIC DIESEL,190000000,2019,86.737 km,Blanco,5,Diésel,Publicado hace 33 días
Mercedes-Benz Clase GLC 2.2 Cdi 4matic,176000000,2022,77.000 km,Gris,5,Gasolina,Publicado hace 33 días
Mazda CX-5 2.5 Grand Touring 4X4,75000000,2014,100.000 km,Rojo,5,Gasolina,Publicado hace 33 días
Mazda 3 2.0 Touring,62000000,2017,71.500 km,Blanco,4,Gasolina,Publicado hace 33 días
Renault Fluence 1.6 Confort,29500000,2012,140.000 km,Dorado,5,Gasolina,Publicado hace 33 días
Honda CR-V 2.4 Lx At 4x4,51000000,2011,130.000 km,Gris,5,Gasolina,Publicado hace 33 días
Volkswagen Virtus 1.6 Comfortline Mt,65000000,2020,18.200 km,Rojo,4,Gasolina,Publicado hace 33 días
Mercedes-Benz ML 2.2 Cdi,89900000,2014,105.000 km,Gris,5,Diésel,Publicado hace 33 días
Nissan Frontier 2.5 SABANERA 4X2,100000000,2019,48.000 km,Rojo,4,Gasolina,Publicado hace 21 días
Renault Megane 2 2.0 Dynamique Fase 2,25000000,2010,98.000 km,Dorado,4,Gasolina,Publicado hace 22 días
Seat Altea Style Xl 1.8 Tfsi,29000000,2012,103.600 km,Blanco,5,Gasolina,Publicado hace 22 días
Mini Cooper 1.5 Salt,105000000,2021,39.500 km,Plateado,3,Gasolina,Publicado hace 22 días
Toyota Prado 3.0 Tx-l Fl 2,238000000,2018,102.585 km,Blanco,5,Diésel,Publicado hace 22 días
Mg Mg4 At Deluxe Electrico,120500000,2025,4.500 km,Plateado,5,Eléctrico,Publicado hace 22 días
Mg Mg4 At Deluxe Electrico,120500000,2025,4.500 km,Plateado,5,Eléctrico,Publicado hace 22 días
Hyundai Accent I25 Gl Mt 1.6,41000000,2015,88.602 km,Negro,5,Gasolina,Publicado hace 22 días
Honda CR-V 2.4 5dr Lxc 2wd,70200000,2016,100.000 km,Plateado,5,Gasolina,Publicado hace 22 días
Kia Seltos 1.6 Emotion Mt,98000000,2023,7.701 km,Rojo,5,Gasolina,Publicado hace 22 días
Ford F150 3.5 Lariat Sport 4x4,188500000,2021,78.700 km,Gris,4,Gasolina,Publicado hace 22 días
Mazda CX-5 2.0 Touring At,87000000,2018,80.704 km,Gris,5,Gasolina,Publicado hace 22 días
BMW X7 3.0 Xdrive 40i Pure Excelence,330000000,2022,15.583 km,Gris,5,Gasolina,Publicado hace 22 días
Peugeot 207 1.6 Premium,31000000,2011,167.600 km,Rojo,5,Gasolina,Publicado hace 22 días
Toyota Yaris Cross 1.5 Hev Xls,123000000,2022,20.364 km,Blanco,4,Híbrido,Publicado hace 22 días
Toyota Fj Cruiser 4.0 V6 At 4x4,234000000,2022,26.000 km,Amarillo,5,Gasolina,Publicado hace 22 días
Nissan Pathfinder 3.5 R52 Advance,77500000,2014,33.000 km,Plateado,5,Gasolina,Publicado hace 22 días
Hyundai Tucson 2.0 Nx Atraction,110000000,2022,34.845 km,Blanco,5,Gasolina,Publicado hace 22 días
"Renault Duster Oroch 2023, 1.3 Turbo",93000000,2023,16.083 km,Gris,4,Gasolina,Publicado hace 23 días
Dodge Journey 2.4 Se Fl,42000000,2015,122.300 km,Rojo,5,Gasolina,Publicado hace 23 días
BMW X5 2.0 Xdrive40e,165000000,2018,79.730 km,Negro,5,Híbrido,Publicado hace 23 días
Toyota Prado 2.8 VX,445000000,2023,8.000 km,Gris,4,Diésel,Publicado hace 23 días
Audi Q5 2.0 Tfsi S-tronic Luxury,68000000,2013,83.000 km,Marrón,5,Diésel,Publicado hace 23 días
Ford Escape Titanium Hev,132000000,2021,25.500 km,Rojo,5,Híbrido,Publicado hace 23 días
Renault Duster 2.0 Dynamique,40800000,2013,138.000 km,Gris,5,Gasolina,Publicado hace 23 días
Volvo XC60 2.0 T6 Awd R-design,139000000,2018,49.500 km,Gris,5,Gasolina,Publicado hace 23 días
Toyota Land Cruiser 4.5 Fzj73,98000000,1997,387.000 km,Negro,5,Gasolina,Publicado hace 23 días
Renault Duster 1.3 Intense Mt 4x4,91000000,2023,86.000 km,Blanco,5,Gasolina,Publicado hace 23 días
Nissan Qashqai 2.0 Exclusive 4x4,72800000,2016,78.000 km,Negro,5,Gasolina,Publicado hace 23 días
Nissan Qashqai At 2012,47800000,2012,116.000 km,Blanco,5,Gasolina,Publicado hace 23 días
Kia Rio 1.4 Vibrant Hb At,70500000,2022,22.326 km,Gris,5,Gasolina,Publicado hace 23 días
Chevrolet Onix 1.0 Premier At,61000000,2023,53.611 km,Rojo,5,Gasolina,Publicado hace 23 días
Chevrolet Onix 1.0T Premier Sedan At,58000000,2021,37.700 km,Gris,4,Gasolina,Publicado hace 23 días
Dodge Journey 2.4 Se/express,31500000,2010,95.515 km,Blanco,5,Gasolina,Publicado hace 23 días
Toyota 4Runner 4.0 Limited Fl,290000000,2023,23.000 km,Plateado,5,Gasolina,Publicado hace 23 días
Volkswagen Jetta 1.4 Tsi Comfortline,86500000,2022,16.000 km,Plateado,5,Gasolina,Publicado hace 23 días
BMW X3 2.0 Xdrive20d,105000000,2015,30.000 km,Azul,5,Diésel,Publicado hace 23 días
SsangYong Tivoli 1.6 XLV MT,53000000,2017,48.000 km,Blanco,5,Gasolina,Publicado hace 23 días
Chevrolet Equinox 1.5 Premier,93000000,2020,32.000 km,Gris,4,Gasolina,Publicado hace 23 días
Chevrolet Equinox 1.5 Premier,93000000,2020,32.000 km,Gris,4,Gasolina,Publicado hace 23 días
Renault Kangoo 1.6 Express Mt,57500000,2022,54.600 km,Blanco,4,Gasolina,Publicado hace 23 días
Mazda CX-5 2.5 Grand Touring Lx 4x2,127000000,2022,29.291 km,Rojo,5,Gasolina,Publicado hace 23 días
Nissan Versa 1.6 Advance,69500000,2022,28.000 km,Plateado,4,Gasolina,Publicado hace 23 días
Mazda 3 2.0 Touring Mt,61600000,2018,68.103 km,Azul,4,Gasolina,Publicado hace 24 días
Dodge Journey 2.4 Se Fl,41000000,2015,79.712 km,Blanco,5,Gasolina,Publicado hace 24 días
Renault Logan 1.4 Entry Familier Fii,33000000,2016,97.463 km,Gris,4,Gasolina,Publicado hace 24 días
Toyota Prado 3.0 Tx-l Fl,210000000,2017,85.652 km,Blanco,5,Diésel,Publicado hace 24 días
Volkswagen Gol 1.6 Trendline Mt,42500000,2019,55.753 km,Negro,5,Gasolina,Publicado hace 24 días
Mitsubishi L200 2.5l,105000000,2020,81.150 km,Blanco,4,Diésel,Publicado hace 37 días
Nissan Frontier 2.5 L,99500000,2020,111.374 km,Rojo,2,Gasolina,Publicado hace 37 días
BMW Serie 3 2.0 320i F30 Sportline,117500000,2020,22.000 km,Rojo,4,Gasolina,Publicado hace 37 días
Mercedes-benz Clase C200 1.5t Amg Line Eq Boost Híbrido,239700000,2024,10.808 km,Blanco,4,Híbrido,Publicado hace 37 días
Mercedes-Benz Clase GLE 3.0 Coupe 4matic Híbrida,449700000,2023,28.000 km,Negro,5,Híbrido,Publicado hace 37 días
Chevrolet Captiva 1.5 Premier At 4x2,115000000,2025,3.000 km,Plateado,5,Gasolina,Publicado hace 37 días
Toyota Land Cruiser 4.2 Fj43,60000000,1979,260.071 km,Rojo,2,Gasolina,Publicado hace 37 días
Ford Explorer Limited 4X4,168500000,2022,35.000 km,Gris,5,Gasolina,Publicado hace 37 días
BMW Serie 3 2.0 320i F30 Sportline,95000000,2017,45.020 km,Azul,4,Gasolina,Publicado hace 37 días
Volkswagen Tiguan Allspace Trendline 2.0 Tsi 4motion,85000000,2018,33.000 km,Rojo,5,Gasolina,Publicado hace 37 días
Chevrolet Equinox 1.5 TURBO LT,69800000,2019,50.843 km,Blanco,4,Gasolina,Publicado hace 37 días
Nissan Versa 1.6 Advance,41000000,2017,83.800 km,Plateado,4,Gasolina,Publicado hace 37 días
Chevrolet Trailblazer 3.6 Ltz 2020,109900000,2020,40.514 km,Plateado,5,Gasolina,Publicado hace 37 días
Ford Explorer 3.5 Limited,85000000,2016,78.000 km,Plateado,5,Gasolina,Publicado hace 38 días
Toyota RAV4 2.5 Xroad,125000000,2017,86.000 km,Plateado,4,Gasolina,Publicado hace 38 días
BMW Serie 3 2.0 320i E90 Lci,51000000,2011,69.996 km,Gris,4,Gasolina,Publicado hace 38 días
Mercedes-Benz Clase GLC 2.OMercedes-Benz Clase G 2.0 300e 4Matic Coupé Híbrida,216700000,2022,41.500 km,Plateado,5,Híbrido,Publicado hace 38 días
Toyota Land Cruiser 4.0 Grj76,260000000,2015,102.000 km,Blanco,4,Gasolina,Publicado hace 38 días
Ford Explorer 3.5 Limited At 4x4,61000000,2014,133.817 km,Blanco,5,Gasolina,Publicado hace 38 días
Mercedes-Benz Clase CLA 1.6 Cla l80,75000000,2016,62.360 km,Negro,4,Gasolina,Publicado hace 38 días
Volkswagen Golf 1.6 Trendline At,47000000,2015,83.100 km,Plateado,5,Gasolina,Publicado hace 38 días
Toyota Prado 4.0 Tx-l At Gasolina 4x4,141500000,2012,132.000 km,Plateado,5,Gasolina,Publicado hace 38 días
Chevrolet Joy 1.4 Hatch Back 2022,49500000,2022,10.250 km,Gris,5,Gasolina,Publicado hace 38 días
Ford Escape 3.0 Xls,26000000,2006,142.367 km,Blanco,5,Gasolina,Publicado hace 39 días
Ford Escape 2.0 Titanium,58000000,2016,97.000 km,Rojo,5,Gasolina,Publicado hace 39 días
Jeep Compass 1.3 LONGITUDE AT,112000000,2023,16.810 km,Gris,5,Gasolina,Publicado hace 39 días
Volvo C40 Ultimate P8,240000000,2024,7.500 km,Blanco,5,Eléctrico,Publicado hace 39 días
SsangYong Actyon 2.3 A230 4x2,39000000,2012,109.117 km,Negro,5,Gasolina,Publicado hace 39 días
Nissan X-Trail T32 ADVANCE AT 2.5 4X2,78500000,2017,43.000 km,Gris,5,Gasolina,Publicado hace 39 días
BMW X1 2.0 Sdrive20i,89900000,2017,61.100 km,Plateado,5,Gasolina,Publicado hace 39 días
Kia Stonic 1.0 Zenith,82000000,2023,9.700 km,Gris,5,Híbrido,Publicado hace 39 días
Subaru Forester At 2.0,40000000,2008,193.500 km,Azul,5,Gasolina,Publicado hace 39 días
Ford Explorer St 3.0,225000000,2023,5.500 km,Rojo,5,Gasolina,Publicado hace 39 días
Ford Edge 2.7 ST 4X4,104000000,2019,49.000 km,Blanco,5,Gasolina,Publicado hace 39 días
Hyundai TUCSON IX-35 2.0l 4x4,50500000,2010,115.200 km,Gris,5,Gasolina,Publicado hace 39 días
Toyota Fj Cruiser 4.0,176000000,2018,102.000 km,Blanco,4,Gasolina,Publicado hace 39 días
Toyota Corolla Cross 1.8 Hev Seg Cvt,155000000,2024,8.000 km,Plateado,5,Híbrido,Publicado hace 39 días
Toyota Sequoia 3.5 TRD PRO,530000000,2024,11.000 km,Gris,5,Híbrido,Publicado hace 39 días
Subaru Impreza 2.0 Awd Gj,55000000,2014,72.290 km,Gris,4,Gasolina,Publicado hace 39 días
Mercedes-Benz Clase GLC 250 2.0 4Matic,134000000,2019,58.040 km,Blanco,5,Gasolina,Publicado hace 39 días
Dodge Journey 3.6 Sxt Fl,42000000,2012,76.340 km,Blanco,5,Gasolina,Publicado hace 39 días
BMW X5 3.0 Xdrive50E Edición M,410000000,2024,2.800 km,Negro,5,Híbrido,Publicado hace 39 días
Hyundai Santa Fe 2.7 GL AT 5PSJ,34500000,2007,142.000 km,Plateado,5,Gasolina,Publicado hace 39 días
Nissan Sentra 1.6,15000000,2000,196.500 km,Plateado,4,Gasolina,Publicado hace 39 días
Mitsubishi Montero 3.0 V6 4x4,55000000,2005,221.800 km,Plateado,5,Gasolina,Publicado hace 39 días
Dodge Durango Gt 2019,128000000,2019,74.000 km,Blanco,5,Gasolina,Publicado hace 39 días
Chevrolet Blazer 3.6 V6 Rs Awd At,149000000,2023,12.600 km,Blanco,4,Gasolina,Publicado hace 40 días
Ford Fiesta 1.6 Sportback Titanium,46000000,2018,89.311 km,Blanco,4,Gasolina,Publicado hace 40 días
Nissan Frontier D22/np300,80000000,2013,57.400 km,Plateado,2,Gasolina,Publicado hace 26 días
Nissan Note At 2015,36000000,2015,116.500 km,Azul,5,Gasolina,Publicado hace 26 días
Mazda 3 2.0 Grand Touring Lx,74000000,2019,61.500 km,Blanco,5,Gasolina,Publicado hace 26 días
Mazda CX-3 2.0 Touring,85000000,2020,36.200 km,Azul,5,Gasolina,Publicado hace 26 días
Ford Fiesta 1.6 Sportback Titanium,52000000,2018,43.700 km,Rojo,4,Gasolina,Publicado hace 26 días
Suzuki New S-cross 1.4 Glx 2023,93000000,2023,31.548 km,Plateado,5,Gasolina,Publicado hace 27 días
Volkswagen T-Cross 1.6 Comfortline Plus At,79000000,2021,55.635 km,Plateado,5,Gasolina,Publicado hace 27 días
Toyota 4Runner 4.0 Sr5 Automática,140000000,2012,154.000 km,Gris,5,Gasolina,Publicado hace 28 días
Ford Escape 2.0 Se 4x4,52000000,2013,71.600 km,Rojo,5,Gasolina,Publicado hace 28 días
Ford Explorer Xlt 2.3,135900000,2020,69.000 km,Plateado,4,Gasolina,Publicado hace 28 días
BMW Serie 2 2.0 Cabriolet,125000000,2017,67.000 km,Gris,2,Gasolina,Publicado hace 28 días
Toyota 4Runner 4.0 Sr5 Automática,140000000,2013,120.000 km,Plateado,5,Gasolina,Publicado hace 28 días
Mazda CX-5 2.5 Grand Touring Lx Camioneta,108000000,2020,86.993 km,Gris,5,Gasolina,Publicado hace 28 días
Ford Escape 3.0 Xlt,28500000,2008,174.000 km,Verde,4,Gasolina,Publicado hace 28 días
BMW Serie 1 1.6 116i F19 Sport Líne,56000000,2014,111.707 km,Blanco,3,Gasolina,Publicado hace 28 días
Mercedes Benz Clase C 180 Kompressor 1.8,35000000,2007,163.721 km,Plateado,4,Gasolina,Publicado hace 28 días
Toyota Prado 2.7 Tx Sumo,115000000,2012,159.000 km,Blanco,2,Gasolina,Publicado hace 28 días
Nissan Sentra 1.6 B13,18500000,2012,134.500 km,Blanco,4,Gasolina,Publicado hace 28 días
Ford Explorer 3.5 Limited,78000000,2015,92.670 km,Rojo,5,Gasolina,Publicado hace 28 días
Subaru Forester Elite Hybrid,137000000,2021,32.800 km,Marrón,5,Gasolina,Publicado hace 28 días
Chevrolet Tracker 1.2 Ltz,71400000,2022,22.600 km,Plateado,5,Gasolina,Publicado hace 28 días
Kia Cerato 1.6 Pro Ex 2016,53000000,2016,89.219 km,Gris,4,Gasolina,Publicado hace 28 días
Mazda CX-30 2.0 Touring 4x2,93600000,2022,56.500 km,Plateado,5,Gasolina,Publicado hace 28 días
Nissan Fontier D22 / Np300 2016,60500000,2016,102.260 km,Blanco,2,Gasolina,Publicado hace 29 días
Renault Koleos 2.5 Dynamique 4x2 At,44900000,2014,138.700 km,Negro,5,Gasolina,Publicado hace 29 días
Mitsubishi Outlander 2.4 Kaiteki At 7 Psj,95000000,2020,63.000 km,Plateado,5,Gasolina,Publicado hace 29 días
Audi Q3 1.4 Tfsi Ambition,108000000,2020,40.000 km,Gris,5,Gasolina,Publicado hace 29 días
Mazda Sedan 2 1.5 Grand Touring Lx 2024,85000000,2024,30.000 km,Blanco,4,Gasolina,Publicado hace 29 días
D.S. DS7 CROSSBACK 1.6 Performance Line,92000000,2019,85.600 km,Rojo,5,Gasolina,Publicado hace 29 días
Volkswagen Voyage 1.6 Trendline,51000000,2021,12.000 km,Plateado,4,Gasolina,Publicado hace 29 días
Ford Escape 2.0 Se 4x2,56000000,2016,79.500 km,Blanco,5,Gasolina,Publicado hace 29 días
Peugeot 3008 1.6 Active,85000000,2020,32.000 km,Blanco,5,Gasolina,Publicado hace 29 días
Mercedes-Benz Clase CLA 1.3 Cla 180 Amg Line At,135000000,2022,48.209 km,Gris,4,Gasolina,Publicado hace 29 días
Chevrolet Captiva 3.0 Sport,54990000,2017,37.800 km,Azul,5,Gasolina,Publicado hace 29 días
Mercedes Benz Clase C 200 Amg Line 1.5 Hibrido,195000000,2022,12.851 km,Gris,4,Híbrido,Publicado hace 29 días
Renault Duster 1.6 Zen Mt (Gas/Gasolina),62000000,2023,65.997 km,Gris,5,Gasolina y gas,Publicado hace 29 días
Toyota Fortuner 2.7 Street At,139000000,2018,190.000 km,Blanco,5,Gasolina,Publicado hace 29 días
Renault Captur 2.0 Intens Automática,68000000,2019,12.850 km,Negro,5,Gasolina,Publicado hace 29 días
Mercedes-Benz Clase E 1.8 Cgi Cabriolet,75000000,2013,103.141 km,Blanco,2,Gasolina,Publicado hace 29 días
Ford Escape 2.0 Se 4x4,52300000,2014,73.200 km,Plateado,4,Gasolina,Publicado hace 29 días
Nissan March 1.6 Active Plus,38500000,2017,40.000 km,Gris,5,Gasolina,Publicado hace 30 días
Volkswagen Gol Trendline Hatchback 1.6,37500000,2017,51.111 km,Rojo,5,Gasolina,Publicado hace 30 días
Nissan Sentra 1.8 SD,18000000,2005,178.000 km,Plateado,4,Gasolina,Publicado hace 30 días
Ford Edge 3.5 Se Secuencial 4x4,44800000,2011,78.800 km,Azul,5,Gasolina,Publicado hace 30 días
Mercedes-Benz Clase A 2.0 A 250 Sport,68000000,2016,104.000 km,Blanco,5,Gasolina,Publicado hace 30 días
Chevrolet Blazer 3.6 V6 Rs Awd At,128000000,2022,39.828 km,Rojo,4,Gasolina,Publicado hace 30 días
Ford Explorer 2.3 Limited 4x4,154000000,2020,48.500 km,Plateado,5,Gasolina,Publicado hace 30 días
Nissan X-Trail 2.5 Advance Mt,99000000,2021,61.000 km,Plateado,5,Gasolina,Publicado hace 30 días
Audi Q7 3.0 Tfsi Quattro Progressive,150000000,2017,36.479 km,Dorado,5,Gasolina,Publicado hace 30 días
Mercedes-Benz Clase GLC 300 4MATIC 2.0,190000000,2021,24.277 km,Plateado,5,Gasolina,Publicado hace 30 días
Toyota Yaris Cross 1.5 XLS HYBRID,130000000,2024,35.000 km,Plateado,4,Híbrido,Publicado hace 30 días
Chevrolet Spark 1.0 Lt,20500000,2009,173.500 km,Rojo,4,Gasolina,Publicado hace 30 días
Hyundai Tucson 2.0 Limited 4X2,132000000,2024,10.150 km,Gris,5,Gasolina,Publicado hace 30 días
Mitsubishi Montero 3.0 V13,45900000,2005,146.000 km,Azul,5,Gasolina,Publicado hace 30 días
Land Rover Range Rover Evoque Prestige At 2.0,79900000,2013,164.000 km,Rojo,5,Gasolina,Publicado hace 31 días
Chevrolet Spark 1.0 Life,30500000,2019,21.760 km,Negro,4,Gasolina,Publicado hace 31 días
Chevrolet Spark 1.0 Life,30500000,2019,21.760 km,Negro,4,Gasolina,Publicado hace 31 días
Ford Escape 2.5 SEL Hibrido,145000000,2022,14.900 km,Gris,5,Híbrido,Publicado hace 31 días
BMW Serie 4 2.0 430i Coupe Edición M AT,185000000,2023,17.578 km,Blanco,2,Gasolina,Publicado hace 31 días
Ford Expedition 3.5 Limited,135000000,2017,41.000 km,Negro,5,Gasolina,Publicado hace 31 días
Hafei Ruiyi 1.0 HFJ1011H MT,22000000,2007,348.808 km,Blanco,4,Gasolina,Publicado hace 31 días
Chevrolet Captiva 1.5 T Premier At,78900000,2020,33.000 km,Negro,5,Gasolina,Publicado hace 31 días
Mazda CX-30 2.0 Grand Touring At,115000000,2022,17.860 km,Gris,5,Gasolina,Publicado hace 31 días
Mercedes-benz Clase A 1.6 A200 (w176) At,58000000,2014,64.780 km,Plateado,5,Gasolina,Publicado hace 31 días
Chevrolet Captiva 1.5 LT/LTZ TURBO,74300000,2021,31.983 km,Plateado,5,Gasolina,Publicado hace 31 días
Nissan Frontier D22/np300,51000000,2011,182.400 km,Gris,4,Gasolina,Publicado hace 31 días
Toyota Corolla Cross 1.8 Hev Seg Cvt,164900000,2025,6.570 km,Blanco,5,Híbrido,Publicado hace 31 días
Land Rover Range Rover 4x4,980000000,2023,2.690 km,Verde,5,Gasolina,Publicado hace 31 días
Audi A3 1.8 TFSI AMBITION AT,70000000,2017,52.088 km,Gris,4,Gasolina,Publicado hace 31 días
Renault Koleos 2.5 Dynamique,42000000,2015,105.000 km,Blanco,5,Gasolina,Publicado hace 31 días
Volkswagen Jetta Vi 2.0 Comfortline,52750000,2017,62.500 km,Blanco,4,Gasolina,Publicado hace 31 días
Chevrolet Tracker 1.8 Lt At,46000000,2015,76.510 km,Negro,5,Gasolina,Publicado hace 32 días
BMW X3 E83 3.0si,46000000,2008,110.382 km,Plateado,5,Gasolina,Publicado hace 32 días
Renault R12 1.3 Ts 5 p,12000000,1979,50.575 km,Blanco,5,Gasolina,Publicado hace 32 días
Toyota Fj Cruiser 4.0 V6,119500000,2008,120.180 km,Blanco,5,Gasolina,Publicado hace 32 días
Volkswagen Golf 1.6 Comfortline,50000000,2016,75.644 km,Plateado,5,Gasolina,Publicado hace 32 días
Toyota Prado 3.0 tx diesel,154000000,2014,240.000 km,Blanco,4,Diésel,Publicado hace 32 días
Toyota Prado 3.0 tx diesel,154000000,2014,240.000 km,Blanco,4,Diésel,Publicado hace 32 días
BMW Serie 5 2.5 523i F10 Executive,65500000,2011,81.000 km,Negro,4,Gasolina,Publicado hace 32 días
Mazda CX-5 2.0 Touring At,87000000,2018,65.000 km,Gris,5,Gasolina,Publicado hace 33 días
Mercedes-Benz Clase GLE 3.0 Coupe 4matic,245000000,2021,31.000 km,Blanco,5,Gasolina,Publicado hace 33 días
Mercedes-Benz Clase GLE 350 D 4MATIC DIESEL,190000000,2019,86.737 km,Blanco,5,Diésel,Publicado hace 33 días
Mercedes-Benz Clase GLC 2.2 Cdi 4matic,176000000,2022,77.000 km,Gris,5,Gasolina,Publicado hace 33 días
Mazda CX-5 2.5 Grand Touring 4X4,75000000,2014,100.000 km,Rojo,5,Gasolina,Publicado hace 33 días
Mazda 3 2.0 Touring,62000000,2017,71.500 km,Blanco,4,Gasolina,Publicado hace 33 días
Renault Fluence 1.6 Confort,29500000,2012,140.000 km,Dorado,5,Gasolina,Publicado hace 33 días
Honda CR-V 2.4 Lx At 4x4,51000000,2011,130.000 km,Gris,5,Gasolina,Publicado hace 33 días
Volkswagen Virtus 1.6 Comfortline Mt,65000000,2020,18.200 km,Rojo,4,Gasolina,Publicado hace 33 días
Mercedes-Benz ML 2.2 Cdi,89900000,2014,105.000 km,Gris,5,Diésel,Publicado hace 33 días
Volkswagen Jetta Gli 1.8,43700000,2013,95.900 km,Blanco,4,Gasolina,Publicado hace 33 días
Dodge Journey 2.4 SXT FL 7PSJ 4X2,53000000,2015,124.750 km,Gris,5,Gasolina,Publicado hace 33 días
Mini Cooper 1.6 Jcw Coupe,51900000,2008,69.000 km,Verde,2,Gasolina,Publicado hace 33 días
Chevrolet Cruze 1.8 Lt,34000000,2012,99.000 km,Plateado,5,Gasolina,Publicado hace 34 días
Volkswagen Jetta 2.5 Trendline Dtm At 2014,43900000,2014,112.613 km,Plateado,4,Gasolina,Publicado hace 34 días
Ford Escape 2.0 Titanium,97500000,2021,46.700 km,Gris,5,Gasolina,Publicado hace 35 días
Seat Arona 1.6 Reference,76000000,2023,6.167 km,Plateado,5,Gasolina,Publicado hace 35 días
Mazda 7 2.0 Lhwa1 All New,40000000,2011,130.000 km,Blanco,5,Gasolina,Publicado hace 35 días
Renault Koleos 2.5 Intens 4X4,109900000,2024,25.500 km,Rojo,5,Gasolina,Publicado hace 35 días
Kia Stonic 1.0 Vibrant,79500000,2022,32.000 km,Gris,5,Híbrido,Publicado hace 35 días
Volkswagen Fox 1.6 Xtreme,49800000,2020,38.899 km,Gris,5,Gasolina,Publicado hace 35 días
Volkswagen Golf 2.0 Gti Dsg Performance,92000000,2015,69.000 km,Rojo,5,Gasolina,Publicado hace 35 días
Toyota Fortuner 4.0 Sr5,87000000,2008,215.000 km,Plateado,5,Gasolina,Publicado hace 35 días
Audi A4 1.8 Sline,49000000,2010,104.500 km,Plateado,4,Gasolina,Publicado hace 35 días
BMW Serie 3 2.0 SPORTLINE TWIN TURBO,76000000,2015,85.000 km,Gris,4,Gasolina,Publicado hace 35 días
Ford Bronco Sport 2.0 Ecoboost Wildtrak 4X4,120000000,2021,20.500 km,Negro,5,Gasolina,Publicado hace 35 días
Jeep Renegade 1.8 Sport Plus,55000000,2019,94.000 km,Rojo,5,Gasolina,Publicado hace 35 días
Chevrolet Captiva 2.4 Sport,45000000,2016,69.500 km,Rojo,5,Gasolina,Publicado hace 35 días
Volkswagen Jetta Europa 2.0,40000000,2012,72.885 km,Plateado,4,Gasolina,Publicado hace 35 días
Ford Explorer 2.3 Limited 4x4,110000000,2018,88.410 km,Rojo,5,Gasolina,Publicado hace 35 días
Kia CERATO PRO 1.6l 128 hp,54500000,2017,99.900 km,Negro,4,Gasolina,Publicado hace 35 días
Volkswagen Gol 1.6 Comfortline,36000000,2016,104.000 km,Plateado,5,Gasolina,Publicado hace 35 días
Kia CERATO PRO 1.6l,48500000,2014,81.500 km,Plateado,4,Gasolina,Publicado hace 35 días
Mazda CX-5 2.0 Touring,79900000,2017,69.700 km,Gris,5,Gasolina,Publicado hace 35 días
Ford Escape 2.0 Se 4x4,45000000,2014,82.000 km,Gris,5,Gasolina,Publicado hace 35 días
Mazda CX-5 2.5 Grand Touring Awd,135000000,2023,22.985 km,Rojo,5,Gasolina,Publicado hace 35 días
Toyota 4Runner 4.0 Limited,85000000,2007,230.000 km,Dorado,4,Gasolina,Publicado hace 35 días
Kia Sportage 2.0 Desire Aut,96000000,2020,29.900 km,Plateado,5,Gasolina,Publicado hace 35 días
Chevrolet Montana 1.2 T Premier 4X2 At,110000000,2024,6.998 km,Blanco,4,Gasolina,Publicado hace 35 días
Volkswagen Voyage 1.6 Trendline,49000000,2022,39.571 km,Gris,4,Gasolina,Publicado hace 35 días
Mazda CX-5 2.5 Grand Touring Lx Station Wagon,102000000,2018,40.000 km,Azul,5,Gasolina,Publicado hace 35 días
Toyota RAV4 2.5 le hybrid,167000000,2021,48.400 km,Gris,4,Híbrido,Publicado hace 35 días
Volkswagen Virtus 1.6 Highline At,62000000,2020,19.768 km,Gris,4,Gasolina,Publicado hace 35 días
Hyundai TUCSON IX-35 2.0l 4x2,46000000,2012,151.823 km,Negro,5,Gasolina,Publicado hace 36 días
Nissan X-Trail 2.5 S Basica 4x4,43000000,2010,132.000 km,Negro,5,Gasolina,Publicado hace 36 días
Nissan Qashqai 1.4 Turbo Exclusive AWD,123900000,2023,29.000 km,Rojo,5,Gasolina,Publicado hace 36 días
Toyota Prado 3.0 Tx-L Fl 2 Diésel 4x4,269000000,2019,73.000 km,Blanco,5,Diésel,Publicado hace 36 días
Mazda CX-5 2.5 Touring,90000000,2018,48.700 km,Azul,5,Gasolina,Publicado hace 36 días
Volkswagen Saveiro Plus 1.6l Cabina Extendida,63500000,2023,18.248 km,Plateado,2,Gasolina,Publicado hace 36 días
Mercedes Benz Clase E 250,83000000,2016,50.000 km,Gris,4,Gasolina,Publicado hace 36 días
Toyota Prado 4.0 Tx At,132000000,2012,90.000 km,Plateado,4,Gasolina,Publicado hace 36 días
BMW X3 2.0 F25 Xdrive20d Estándar,78000000,2014,85.598 km,Gris,5,Diésel,Publicado hace 36 días
Mercedes-Benz Clase GLC 2.0 Glc 300 4Matic,194000000,2022,50.630 km,Blanco,5,Híbrido,Publicado hace 36 días
BMW X3 3.0 F25 Xdrive28i,68900000,2012,115.353 km,Plateado,5,Gasolina,Publicado hace 36 días
Mazda CX-5 2.5 Touring At,94000000,2020,90.360 km,Rojo,5,Gasolina,Publicado hace 36 días
Renault Duster 1.3 T Iconic 4X4,87000000,2024,51.600 km,Plateado,5,Gasolina,Publicado hace 36 días
Subaru Forester 2.5 Cvt Sport,110000000,2019,74.000 km,Marrón,5,Gasolina,Publicado hace 36 días
BMW Serie 2 1.5 218i F45 Active Tourer,110000000,2021,22.886 km,Plateado,5,Gasolina,Publicado hace 36 días
BMW Serie 3 2.8 328i E36,32000000,1997,145.505 km,Rojo,4,Gasolina,Publicado hace 37 días
Mitsubishi L200 2.5l,105000000,2020,81.150 km,Blanco,4,Diésel,Publicado hace 37 días
Nissan Frontier 2.5 L,99500000,2020,111.374 km,Rojo,2,Gasolina,Publicado hace 37 días
BMW Serie 3 2.0 320i F30 Sportline,117500000,2020,22.000 km,Rojo,4,Gasolina,Publicado hace 37 días
Mercedes-benz Clase C200 1.5t Amg Line Eq Boost Híbrido,239700000,2024,10.808 km,Blanco,4,Híbrido,Publicado hace 37 días
Mercedes-Benz Clase GLE 3.0 Coupe 4matic Híbrida,449700000,2023,28.000 km,Negro,5,Híbrido,Publicado hace 37 días
Chevrolet Captiva 1.5 Premier At 4x2,115000000,2025,3.000 km,Plateado,5,Gasolina,Publicado hace 37 días
Toyota Land Cruiser 4.2 Fj43,60000000,1979,260.071 km,Rojo,2,Gasolina,Publicado hace 37 días
Ford Explorer Limited 4X4,168500000,2022,35.000 km,Gris,5,Gasolina,Publicado hace 37 días
BMW Serie 3 2.0 320i F30 Sportline,95000000,2017,45.020 km,Azul,4,Gasolina,Publicado hace 37 días
Volkswagen Tiguan Allspace Trendline 2.0 Tsi 4motion,85000000,2018,33.000 km,Rojo,5,Gasolina,Publicado hace 37 días
Chevrolet Equinox 1.5 TURBO LT,69800000,2019,50.843 km,Blanco,4,Gasolina,Publicado hace 37 días
Nissan Versa 1.6 Advance,41000000,2017,83.800 km,Plateado,4,Gasolina,Publicado hace 37 días
Chevrolet Trailblazer 3.6 Ltz 2020,109900000,2020,40.514 km,Plateado,5,Gasolina,Publicado hace 37 días
Ford Explorer 3.5 Limited,85000000,2016,78.000 km,Plateado,5,Gasolina,Publicado hace 38 días
Toyota RAV4 2.5 Xroad,125000000,2017,86.000 km,Plateado,4,Gasolina,Publicado hace 38 días
BMW Serie 3 2.0 320i E90 Lci,51000000,2011,69.996 km,Gris,4,Gasolina,Publicado hace 38 días
Mercedes-Benz Clase GLC 2.OMercedes-Benz Clase G 2.0 300e 4Matic Coupé Híbrida,216700000,2022,41.500 km,Plateado,5,Híbrido,Publicado hace 38 días
Toyota Land Cruiser 4.0 Grj76,260000000,2015,102.000 km,Blanco,4,Gasolina,Publicado hace 38 días
Ford Explorer 3.5 Limited At 4x4,61000000,2014,133.817 km,Blanco,5,Gasolina,Publicado hace 38 días
Mercedes-Benz Clase CLA 1.6 Cla l80,75000000,2016,62.360 km,Negro,4,Gasolina,Publicado hace 38 días
Volkswagen Golf 1.6 Trendline At,47000000,2015,83.100 km,Plateado,5,Gasolina,Publicado hace 38 días
Toyota Prado 4.0 Tx-l At Gasolina 4x4,141500000,2012,132.000 km,Plateado,5,Gasolina,Publicado hace 38 días
Chevrolet Joy 1.4 Hatch Back 2022,49500000,2022,10.250 km,Gris,5,Gasolina,Publicado hace 38 días
Ford Escape 3.0 Xls,26000000,2006,142.367 km,Blanco,5,Gasolina,Publicado hace 39 días
Ford Escape 2.0 Titanium,58000000,2016,97.000 km,Rojo,5,Gasolina,Publicado hace 39 días
Jeep Compass 1.3 LONGITUDE AT,112000000,2023,16.810 km,Gris,5,Gasolina,Publicado hace 39 días
Volvo C40 Ultimate P8,240000000,2024,7.500 km,Blanco,5,Eléctrico,Publicado hace 39 días
SsangYong Actyon 2.3 A230 4x2,39000000,2012,109.117 km,Negro,5,Gasolina,Publicado hace 39 días
Nissan X-Trail T32 ADVANCE AT 2.5 4X2,78500000,2017,43.000 km,Gris,5,Gasolina,Publicado hace 39 días
BMW X1 2.0 Sdrive20i,89900000,2017,61.100 km,Plateado,5,Gasolina,Publicado hace 39 días
Kia Stonic 1.0 Zenith,82000000,2023,9.700 km,Gris,5,Híbrido,Publicado hace 39 días
Subaru Forester At 2.0,40000000,2008,193.500 km,Azul,5,Gasolina,Publicado hace 39 días
Ford Explorer St 3.0,225000000,2023,5.500 km,Rojo,5,Gasolina,Publicado hace 39 días
Ford Edge 2.7 ST 4X4,104000000,2019,49.000 km,Blanco,5,Gasolina,Publicado hace 39 días
Hyundai TUCSON IX-35 2.0l 4x4,50500000,2010,115.200 km,Gris,5,Gasolina,Publicado hace 39 días
Toyota Fj Cruiser 4.0,176000000,2018,102.000 km,Blanco,4,Gasolina,Publicado hace 39 días
Toyota Corolla Cross 1.8 Hev Seg Cvt,155000000,2024,8.000 km,Plateado,5,Híbrido,Publicado hace 39 días
Toyota Sequoia 3.5 TRD PRO,530000000,2024,11.000 km,Gris,5,Híbrido,Publicado hace 39 días
Subaru Impreza 2.0 Awd Gj,55000000,2014,72.290 km,Gris,4,Gasolina,Publicado hace 39 días
Mercedes-Benz Clase GLC 250 2.0 4Matic,134000000,2019,58.040 km,Blanco,5,Gasolina,Publicado hace 39 días
Dodge Journey 3.6 Sxt Fl,42000000,2012,76.340 km,Blanco,5,Gasolina,Publicado hace 39 días
BMW X5 3.0 Xdrive50E Edición M,410000000,2024,2.800 km,Negro,5,Híbrido,Publicado hace 39 días
Hyundai Santa Fe 2.7 GL AT 5PSJ,34500000,2007,142.000 km,Plateado,5,Gasolina,Publicado hace 39 días
Nissan Sentra 1.6,15000000,2000,196.500 km,Plateado,4,Gasolina,Publicado hace 39 días
Mitsubishi Montero 3.0 V6 4x4,55000000,2005,221.800 km,Plateado,5,Gasolina,Publicado hace 39 días
Dodge Durango Gt 2019,128000000,2019,74.000 km,Blanco,5,Gasolina,Publicado hace 39 días
Chevrolet Blazer 3.6 V6 Rs Awd At,149000000,2023,12.600 km,Blanco,4,Gasolina,Publicado hace 40 días
Ford Fiesta 1.6 Sportback Titanium,46000000,2018,89.311 km,Blanco,4,Gasolina,Publicado hace 40 días
Mazda CX-5 2.0 Touring At,105000000,2020,51.600 km,Gris,5,Gasolina,Publicado hace 40 días
Mercedes-benz Clase Gls 450 Hibrida 2022,345900000,2022,41.000 km,Gris,5,Híbrido,Publicado hace 40 días
Volvo XC60 2.0 T5 Momentum,74000000,2017,119.460 km,Plateado,5,Gasolina,Publicado hace 40 días
Kia Carens 2.0 Rondo Mt,39900000,2013,102.578 km,Gris,5,Gasolina,Publicado hace 40 días
Nissan Pathfinder 3.5 R52 EXCLUSIVE BLINDADA,185000000,2020,50.534 km,Gris,5,Gasolina,Publicado hace 40 días
Land Rover Discovery 3.O AT HSE SDV6,190000000,2015,68.700 km,Gris,5,Diésel,Publicado hace 40 días
Mercedes Benz A 200 1.3,96000000,2020,60.135 km,Gris,4,Gasolina,Publicado hace 40 días
Volkswagen Gol 1.6 Trendline,34000000,2016,95.300 km,Rojo,5,Gasolina,Publicado hace 40 días
Volkswagen T-Cross 1.0 TSI,90000000,2024,11.240 km,Plateado,5,Gasolina,Publicado hace 40 días
Mazda CX-30 2.0 Grand Touring,110000000,2022,26.682 km,Rojo,5,Gasolina,Publicado hace 40 días
Renault Fluence 2.0 Privilege,34800000,2012,102.561 km,Dorado,4,Gasolina,Publicado hace 41 días
Renault Captur 2.0 Intens At,63900000,2018,27.400 km,Rojo,5,Gasolina,Publicado hace 42 días
Renault Captur 1.6 Zen Mt,85900000,2024,10.972 km,Gris,5,Gasolina,Publicado hace 42 días
Mini Cooper S 2.0,138500000,2023,8.600 km,Rojo,3,Gasolina,Publicado hace 42 días
Chevrolet Captiva 2.4 Sport 182 hp,40000000,2012,59.000 km,Gris,5,Gasolina,Publicado hace 42 días
Mercedes Benz 3.5 3.5 At 2011,69000000,2011,106.500 km,Plateado,4,Gasolina,Publicado hace 42 días
Kia Sportage 2.0 Desire At,101500000,2022,34.205 km,Gris,5,Gasolina,Publicado hace 42 días
Chevrolet Tracker 1.8 4x2,41500000,2015,83.300 km,Blanco,5,Gasolina,Publicado hace 42 días
Kia CERATO FORTE 1.6 Sx,37000000,2013,110.121 km,Gris,4,Gasolina,Publicado hace 42 días
Renault Sandero 1.6 Dynamique,29000000,2012,74.600 km,Azul,5,Gasolina,Publicado hace 42 días
Land Rover Discovery 4.0 S,82000000,2008,180.000 km,Gris,5,Gasolina,Publicado hace 42 días
Nissan Leaf Hatchback 2018,57500000,2018,20.300 km,Blanco,4,Eléctrico,Publicado hace 43 días
Toyota Prado 2.8 At 2024,380000000,2024,10.208 km,Plateado,4,Diésel,Publicado hace 43 días
MG Zs 1.5 Mt Std,74000000,2025,100 km,Blanco,5,Gasolina,Publicado hace 43 días
Renault Sandero 1.6,42500000,2020,55.300 km,Rojo,5,Gasolina,Publicado hace 43 días
Mercedes-Benz Clase GLC 2.0 4matic,151500000,2020,43.000 km,Blanco,5,Gasolina,Publicado hace 43 días
Renault Sandero 1.6,44000000,2020,55.300 km,Rojo,5,Gasolina,Publicado hace 43 días
Renault Sandero 1.6,44000000,2020,55.300 km,Rojo,5,Gasolina,Publicado hace 43 días
Volvo XC60 2.5 T5 Awd At,78000000,2016,70.800 km,Plateado,5,Gasolina,Publicado hace 43 días
Audi Q5 2.0 TFSI MHEV QUATTRO ADVANCED,215000000,2023,20.922 km,Blanco,5,Híbrido,Publicado hace 44 días
Nissan March 1.6 Advance,36500000,2016,109.900 km,Blanco,5,Gasolina,Publicado hace 44 días
Chevrolet Tracker 1.8 Premier Awd At,66000000,2020,28.500 km,Rojo,4,Gasolina,Publicado hace 44 días
BMW Serie 3 2.0 G20 Sportline,117000000,2019,54.750 km,Blanco,4,Gasolina,Publicado hace 44 días
BMW X5 3.0 Xdrive 40I At,210000000,2019,22.900 km,Blanco,5,Gasolina,Publicado hace 44 días
Kia NEW SPORTAGE 2.4 Lx Revolution At 4x2,63000000,2013,104.436 km,Plateado,5,Gasolina,Publicado hace 44 días
Volvo XC60 2.0 B5 MOMENTUM,195000000,2022,47.000 km,Azul,5,Híbrido,Publicado hace 44 días
Audi A4 1.8 Tfsi Luxury,63500000,2015,78.678 km,Azul,4,Gasolina,Publicado hace 44 días
Volvo V40 1.5 T3 Drive-e Sport,69500000,2019,50.000 km,Gris,5,Gasolina,Publicado hace 44 días
Hyundai Veracruz 3.8 Gl Blindaje Nivel III Excelente Estado,38000000,2008,167.000 km,Negro,5,Gasolina,Publicado hace 45 días
BMW Serie 3 2.0 320I E46 MT,35000000,2003,170.000 km,Azul,4,Gasolina,Publicado hace 45 días
Dodge Journey 2.4 Se Fl,38500000,2013,96.500 km,Rojo,5,Gasolina,Publicado hace 45 días
Ford Edge 3.5 Limited Fl,43000000,2013,83.750 km,Negro,5,Gasolina,Publicado hace 45 días
Mercedes-benz Clase A 200 Hatchback 2016,88500000,2016,44.000 km,Gris,5,Gasolina,Publicado hace 45 días
Jeep Compass Longitude Turbo AT,115000000,2023,11.200 km,Gris,5,Gasolina,Publicado hace 45 días
Honda City Hatchback 1.5 Exl,93000000,2024,14.920 km,Gris,5,Gasolina,Publicado hace 45 días
Toyota Prado 3.0 Tx-l Fl 2,249900000,2018,90.000 km,Gris,4,Diésel,Publicado hace 45 días
Toyota Prado Vx Europea 2003,95000000,2003,238.070 km,Plateado,5,Diésel,Publicado hace 45 días
Ford Explorer At 4x4 2015,81800000,2015,77.000 km,Blanco,5,Gasolina,Publicado hace 45 días
Nissan X-Trail 2.5 Advance 7 pasajeros,95000000,2018,79.000 km,Gris,5,Gasolina,Publicado hace 46 días
Nissan X-Trail 2.5 Exclusive,88000000,2017,58.483 km,Azul,5,Gasolina,Publicado hace 46 días
Nissan March 1.6 Active Mt,29000000,2012,121.000 km,Azul,5,Gasolina,Publicado hace 46 días
Toyota Corolla Hibrido 1.8 Se-g,118000000,2023,22.500 km,Blanco,4,Híbrido,Publicado hace 46 días
Nissan Pathfinder 3.5 R52 Exclusive 4x4,65000000,2014,130.800 km,Azul,5,Gasolina,Publicado hace 46 días
BMW X3 3.0 F25 Xdrive35i Executive,116000000,2017,100.000 km,Blanco,5,Gasolina,Publicado hace 46 días
Ford Fusion 2.0 Titanium,55000000,2015,81.900 km,Blanco,4,Gasolina,Publicado hace 2 meses
Chevrolet Tracker Premier 1.2,80000000,2021,37.909 km,Rojo,4,Gasolina,Publicado hace 2 meses
Subaru XV 2.0i,71000000,2016,99.000 km,Azul,5,Gasolina,Publicado hace 2 meses
Volkswagen Tiguan 2.0 trend &fun tsi,44000000,2012,160.000 km,Gris,5,Gasolina,Publicado hace 2 meses
Mercedes-Benz Clase GLK 2.2 Cdi 4matic,68000000,2012,151.000 km,Azul,5,Diésel,Publicado hace 2 meses
SsangYong Rexton 2.7 Rx 270 Xdi,33500000,2007,148.882 km,Azul,5,Diésel,Publicado hace 2 meses
BMW Serie 4 2.0 420I GRANCOUPE,109000000,2018,37.400 km,Plateado,5,Gasolina,Publicado hace 2 meses
Porsche Taycan 4s 2024,650000000,2024,2.509 km,Azul,4,Eléctrico,Publicado hace 2 meses
Kia CERATO PRO 1.6 Sx,58000000,2018,78.400 km,Gris,4,Gasolina,Publicado hace 2 meses
Nissan Kicks 1.6 Exclusive,69500000,2019,52.942 km,Azul,5,Gasolina,Publicado hace 2 meses
Jeep Grand Cherokee 3.6 Limited,65000000,2011,112.000 km,Plateado,5,Gasolina,Publicado hace 2 meses
Peugeot 3008 1.6 Allure,87000000,2020,82.364 km,Gris,5,Gasolina,Publicado hace 2 meses
Kia CERATO PRO 1.6 Ex,49000000,2015,115.397 km,Blanco,5,Gasolina,Publicado hace 2 meses
SsangYong Actyon Sports 2.0 Mt,75900000,2018,51.200 km,Gris,4,Diésel,Publicado hace 2 meses
Volkswagen Taos 1.4 Comfortline At,96000000,2022,33.116 km,Plateado,5,Gasolina,Publicado hace 2 meses
Renault Koleos 2.5 Sportway 4x4,56000000,2016,84.912 km,Gris,5,Gasolina,Publicado hace 2 meses
Ford Bronco Sport 2.0 At 2023,148000000,2023,7.400 km,Gris,5,Gasolina,Publicado hace 2 meses
Ford Edge 3.5 Se Fl,39000000,2011,149.000 km,Negro,5,Gasolina,Publicado hace 2 meses
Renault Captur 2.0 Intens Automática,65000000,2020,50.000 km,Gris,5,Gasolina,Publicado hace 2 meses
Volkswagen Gol 1.6 Comfortline,29000000,2013,147.000 km,Gris,5,Gasolina,Publicado hace 2 meses
Volkswagen Gol 1.6 Comfortline,29000000,2013,147.000 km,Gris,5,Gasolina,Publicado hace 2 meses
Cehvrolet Bolt Euv Electrico,122000000,2023,15.000 km,Blanco,4,Eléctrico,Publicado hace 2 meses
Jeep Compass 2.4 4x2 Longitud Aut,75000000,2019,57.800 km,Gris,5,Gasolina,Publicado hace 2 meses
BMW Serie 5 2.0 520i E28,25000000,1983,239.276 km,Dorado,4,Gasolina,Publicado hace 2 meses
Honda CR-V 2.4 Ex,40000000,2008,180.000 km,Azul,5,Gasolina,Publicado hace 2 meses
Bmw Serie 3 330e 2.0 Hibrido,230000000,2023,1.350 km,Gris,4,Híbrido,Publicado hace 2 meses
Volvo XC40 2.0 T5 Awd R-design,140000000,2021,26.192 km,Plateado,5,Gasolina,Publicado hace 2 meses
Chevrolet Blazer 3.6 V6 Rs Awd At,117000000,2019,53.960 km,Plateado,5,Gasolina,Publicado hace 2 meses
Dodge Journey 2.4 Se 7A At,38000000,2012,104.000 km,Rojo,5,Gasolina,Publicado hace 2 meses
Chevrolet Tracker 1.8 Lt At 4x2 2018,50490000,2018,83.535 km,Rojo,4,Gasolina,Publicado hace 2 meses
Peugeot 3008 1.6 Gt Line Turbo,88000000,2018,39.000 km,Rojo,4,Gasolina,Publicado hace 2 meses
Volvo V40 2.0 T4 R-Desing Turbo,68500000,2017,71.000 km,Gris,5,Gasolina,Publicado hace 2 meses
Mazda Cx-5 2.5 Skyactive 2015,75000000,2015,91.277 km,Plateado,5,Gasolina,Publicado hace 2 meses
SsangYong Tivoli 1.6l,59500000,2019,49.796 km,Rojo,5,Gasolina,Publicado hace 2 meses
Mercedes-Benz Clase GLC 2.0 4matic,121000000,2017,61.000 km,Gris,5,Gasolina,Publicado hace 2 meses
Mercedes-Benz Clase C 1.6 Avantgarde,117500000,2020,10.266 km,Azul,4,Gasolina,Publicado hace 2 meses
Toyota Prado 3.4 Vx,69000000,2007,194.500 km,Gris,5,Gasolina,Publicado hace 2 meses
Audi Q5 2.0 Tfsi S-tronic Luxury,75000000,2015,126.000 km,Marrón,5,Gasolina,Publicado hace 2 meses
MG Marvel R 0.0 Deluxe Rwd,165000000,2023,13.844 km,Negro,5,Eléctrico,Publicado hace 2 meses
Volkswagen Nuevo Jetta,41000000,2013,94.000 km,Plateado,4,Gasolina,Publicado hace 2 meses
Mercedes-Benz Clase GLC 2.2 Cdi 4matic,148000000,2019,21.000 km,Plateado,5,Diésel,Publicado hace 2 meses
Dodge Journey 2.4 Se Fl,43000000,2014,116.800 km,Rojo,5,Gasolina,Publicado hace 2 meses
Chevrolet Equinox 1.5 Premier,88000000,2020,38.000 km,Plateado,5,Gasolina,Publicado hace 2 meses
Kia Cerato Koup At 2.0,36900000,2011,141.847 km,Gris,3,Gasolina,Publicado hace 2 meses
Chevrolet Onix 1.0 Lt,58000000,2021,35.000 km,Blanco,4,Gasolina,Publicado hace 2 meses
Jeep Wrangler SPORT AT 3.6 4X4,185000000,2020,35.200 km,Verde,3,Gasolina,Publicado hace 2 meses
Mercedes-Benz Clase C 1.6 180 At,72000000,2015,74.000 km,Gris,4,Gasolina,Publicado hace 2 meses
Mazda 6 2.3 S3na6,29500000,2008,108.556 km,Dorado,4,Gasolina,Publicado hace 2 meses
Chevrolet Captiva 1.5 T Premier At,108000000,2023,9.000 km,Blanco,5,Gasolina,Publicado hace 51 días
Hyundai TUCSON IX-35 2.4L Gls,65000000,2014,73.985 km,Gris,5,Gasolina,Publicado hace 51 días
Kia CERATO FORTE 1.6 Hb,39500000,2013,120.900 km,Azul,5,Gasolina,Publicado hace 51 días
Mercedes-Benz Clase GLC 2.0 4matic,145000000,2020,87.586 km,Plateado,5,Gasolina,Publicado hace 51 días
Toyota Land Cruiser 4.0 4x4,238000000,2022,12.000 km,Blanco,3,Gasolina,Publicado hace 51 días
BMW Serie 3 1.6 316i E90 Lci,48000000,2011,101.666 km,Plateado,4,Gasolina,Publicado hace 51 días
Renault Twingo 1.2 U Authentique,17500000,2007,148.000 km,Gris,3,Gasolina,Publicado hace 51 días
Toyota 4Runner 4.0 Sr5 Fl,209000000,2021,61.900 km,Plateado,5,Gasolina,Publicado hace 51 días
Chevrolet Captiva 2.4 Sport 182 hp,32000000,2013,108.100 km,Negro,4,Gasolina,Publicado hace 52 días
Mercedes-Benz Clase E 5.5 Amg,220000000,2014,64.589 km,Negro,4,Gasolina,Publicado hace 52 días
Alfa Romeo Giulietta 1.4 Distinctive Mt 2012,58000000,2012,43.613 km,Rojo,5,Gasolina,Publicado hace 52 días
Toyota Prado 2.7 TX SUMO AT,112000000,2011,130.912 km,Gris,2,Gasolina,Publicado hace 52 días
Toyota Hilux 2.8 At,335000000,2024,1.800 km,Rojo,4,Diésel,Publicado hace 52 días
Renault Duster 2.0 Dynamique 4x4,40000000,2015,273.780 km,Blanco,5,Gasolina y gas,Publicado hace 52 días
Dodge Journey 2.4 SXT 4X2,52000000,2015,88.110 km,Azul,5,Gasolina,Publicado hace 52 días
Audi A6 2.0 TFSI LUXURY,55000000,2012,101.901 km,Azul,4,Gasolina,Publicado hace 52 días
Nissan Leaf Tekna At 40kw Electrico,84900000,2020,45.561 km,Plateado,5,Eléctrico,Publicado hace 52 días
SsangYong Torres 1.5 Elite At 4x2,127000000,2024,14.713 km,Gris,5,Gasolina,Publicado hace 52 días
Kia Sportage Nq5 Desire 2.0,125000000,2024,43.000 km,Azul,5,Gasolina,Publicado hace 52 días
Land Rover Santana 88 Jep,110000000,1967,10 km,Amarillo,2,Gasolina,Publicado hace 52 días
Porsche Macan 2.0 Lux,155000000,2015,99.760 km,Blanco,5,Gasolina,Publicado hace 53 días
Mazda 5 2.0 LHWM8,34000000,2009,159.000 km,Azul,5,Gasolina,Publicado hace 53 días
Nissan Sentra 1.6 B13,17800000,2008,155.017 km,Blanco,4,Gasolina,Publicado hace 53 días
Ford Escape 2.5 Se HEV,135000000,2022,14.500 km,Gris,5,Híbrido,Publicado hace 53 días
Toyota 4Runner 4.0 Limited Automática,147000000,2015,134.058 km,Gris,5,Gasolina,Publicado hace 53 días
Ford Escape 2.0 Se 4x2,75000000,2018,37.872 km,Rojo,5,Gasolina,Publicado hace 53 días
Mercedes-Benz Clase E 2.0 Exclusive,150000000,2020,89.000 km,Blanco,4,Gasolina,Publicado hace 53 días
Chevrolet Tracker 1.8 Lt At,40000000,2015,84.565 km,Gris,5,Gasolina,Publicado hace 53 días
Ford Explorer Xlt 2.3,160000000,2021,57.992 km,Gris,5,Gasolina,Publicado hace 53 días
Mazda CX-5 2.5 Grand Touring 4X4,84500000,2017,84.444 km,Gris,5,Gasolina,Publicado hace 53 días
Ford Explorer 4.0 Xlt,40000000,2008,177.200 km,Gris,5,Gasolina,Publicado hace 54 días
Toyota 4Runner 4.0 Limited Automática,93000000,2006,215.000 km,Negro,5,Gasolina,Publicado hace 54 días
Dodge Journey 2.4 Se 7A At,43000000,2014,97.500 km,Gris,5,Gasolina,Publicado hace 54 días
BMW Serie 3 2.0 330i,140000000,2020,30.600 km,Blanco,4,Gasolina,Publicado hace 54 días
Nissan Tiida 1.8 Miio,27000000,2012,131.600 km,Dorado,4,Gasolina,Publicado hace 54 días
Volvo XC90 2.0 T6 Awd Inscription,195000000,2017,38.612 km,Negro,5,Gasolina,Publicado hace 54 días
Mazda CX-9 2.5 Grand Touring Signature,184000000,2024,9.100 km,Gris,5,Gasolina,Publicado hace 54 días
DFM/DFSK C35 1.4 Van Cargo,49000000,2016,184.648 km,Blanco,5,Gasolina,Publicado hace 54 días
Subaru Impreza 2.0 Xv Awd Gp,60000000,2013,130.000 km,Plateado,5,Gasolina,Publicado hace 54 días
Mitsubishi Xpander Cross 7 Puestos 2023,110000000,2023,14.300 km,Gris,5,Gasolina,Publicado hace 54 días
Mazda CX-5 2.0 Touring At,78000000,2018,77.357 km,Negro,5,Gasolina,Publicado hace 54 días
BMW Serie 5 3.0 530i E60M,50000000,2010,116.000 km,Gris,4,Gasolina,Publicado hace 55 días
Volkswagen Gol 1.6 Comfortline Mecanico,55000000,2022,12.118 km,Rojo,5,Gasolina,Publicado hace 56 días
Mazda CX-5 2.0 Touring At,83000000,2017,57.500 km,Gris,5,Gasolina,Publicado hace 56 días
Jeep Grand Cherokee 3.6 Laredo,75000000,2015,88.000 km,Gris,5,Gasolina,Publicado hace 56 días
Nissan Qashqai 2.0 Advance 140 hp,72500000,2018,66.000 km,Plateado,5,Gasolina,Publicado hace 56 días
Mazda CX-7 2.5 2wd,42000000,2012,93.000 km,Rojo,5,Gasolina,Publicado hace 56 días
Ford Escape 2.0 Titanium,105000000,2021,29.200 km,Plateado,5,Gasolina,Publicado hace 56 días
Peugeot 3008 1.6 Active,80500000,2020,62.250 km,Gris,5,Gasolina,Publicado hace 56 días
Mazda CX-9 3.5 Cx9cyv,36500000,2007,113.800 km,Negro,5,Gasolina,Publicado hace 56 días
Renault Kwid 1.0 12v,45000000,2023,10.000 km,Rojo,5,Gasolina,Publicado hace 56 días
Mini Countryman 2.0 F60 Cooper S Chili,90000000,2018,24.200 km,Gris,5,Gasolina,Publicado hace 56 días
Nissan Murano 3.5 Z51 Awd,39990000,2011,135.000 km,Plateado,5,Gasolina,Publicado hace 56 días
Mercedes Benz E 200 2.0,96000000,2017,28.556 km,Plateado,4,Gasolina,Publicado hace 56 días
Chevrolet Captiva 2.4 Sport 182 hp,35000000,2012,89.000 km,Blanco,4,Gasolina,Publicado hace 56 días
Audi A1 1.4 Tfsi Luxury AT,47000000,2012,108.000 km,Negro,3,Gasolina,Publicado hace 56 días
Audi Q5 2.0 TFSI MHEV QUATTRO ADVANCED,162500000,2022,24.300 km,Plateado,5,Híbrido,Publicado hace 56 días
Volvo XC60 2.0 D5 Awd Momentum,115000000,2018,99.285 km,Gris,5,Diésel,Publicado hace 56 días
Subaru Leone 1.8 4wd Gl,16500000,1982,615.640 km,Amarillo,5,Gasolina,Publicado hace 56 días
Ford Ranger 2.6 4x4 2011,78000000,2011,91.776 km,Plateado,4,Gasolina,Publicado hace 56 días
Volkswagen Taos 1.4 Comfortline At,104500000,2022,13.500 km,Plateado,5,Gasolina,Publicado hace 56 días
Jeep Wrangler 3.6 Sport Unlimited At 4x4,150000000,2014,98.000 km,Blanco,5,Gasolina,Publicado hace 56 días
Ford Fiesta 1.6 Sportback Titanium,55500000,2018,52.915 km,Gris,4,Gasolina,Publicado hace 56 días
Mazda Cx-5 2.0 Skyactive 2015,65000000,2015,80.900 km,Gris,5,Gasolina,Publicado hace 57 días
Ford Escape 2.0 Se 4x4,50000000,2015,101.284 km,Negro,5,Gasolina,Publicado hace 57 días
Renault Koleos 2.5 Intens,92000000,2019,82.000 km,Gris,5,Gasolina,Publicado hace 57 días
Toyota 4Runner 4.0 Sr5 Fl,310000000,2023,19.800 km,Gris,5,Gasolina,Publicado hace 57 días
Mazda 3 2.0 Touring Hibrida At,101900000,2023,20.300 km,Rojo,5,Híbrido,Publicado hace 57 días
BMW X5 3.0 Xdrive 40I At,240000000,2021,42.214 km,Blanco,5,Gasolina,Publicado hace 57 días
Mazda CX-30 2.5 Grand Touring,102000000,2021,41.000 km,Plateado,5,Gasolina,Publicado hace 57 días
Nissan Murano 3.5 Z52 Exclusive 4x4,89800000,2018,78.000 km,Blanco,5,Gasolina,Publicado hace 57 días
Nissan Pathfinder 3.5 Se 2005,47700000,2005,208.366 km,Blanco,4,Gasolina,Publicado hace 58 días
Nissan Kicks 1.6 Advance,79900000,2022,40.663 km,Gris,5,Gasolina,Publicado hace 59 días
Jeep Wrangler 3.6 Sport Unlimited,180000000,2015,66.700 km,Naranja,5,Gasolina,Publicado hace 59 días
BMW Serie 4 2.0 430i F33 Cabriolet Executive,135000000,2017,71.000 km,Negro,2,Gasolina,Publicado hace 59 días
Mini Cooper S 2.0 Chili At,92000000,2019,26.000 km,Blanco,3,Gasolina,Publicado hace 59 días
Audi Q3 1.4 Sportback S-line At,145000000,2022,61.800 km,Gris,4,Gasolina,Publicado hace 59 días
Volvo XC90 2.0 T6 Awd R-design,205000000,2017,39.900 km,Gris,5,Gasolina,Publicado hace 59 días
Volkswagen Tiguan 2.0 Tsi At,75000000,2017,55.620 km,Plateado,5,Gasolina,Publicado hace 59 días
Chevrolet Joy 1.4 Hatchback,50000000,2022,15.704 km,Gris,5,Gasolina,Publicado hace 59 días
Suzuki Grand Vitara 2.4 Glx Full Equipo 4x4 At,61000000,2016,98.000 km,Marrón,5,Gasolina,Publicado hace 59 días
Kia Sportage New Sportage Lx 2015,54400000,2015,78.000 km,Negro,5,Gasolina,Publicado hace 59 días
Citroen Jumper Carga 2008,55000000,2008,194.000 km,Blanco,4,Diésel,Publicado hace 2 meses
Land Range Rover Sport Blindada,128000000,2012,84.000 km,Azul,5,Gasolina,Publicado hace 2 meses
Ford Explorer 2.3l Ecoobost,155000000,2020,61.112 km,Plateado,5,Gasolina,Publicado hace 2 meses
Volvo XC60 2.0 T5 Awd Summum,83900000,2017,79.864 km,Gris,5,Gasolina,Publicado hace 2 meses
Nissan X-Trail 2.5 Exclusive,96500000,2019,62.500 km,Gris,5,Gasolina,Publicado hace 2 meses
Toyota Prado 4.0 Tx-l Fl,205000000,2015,64.000 km,Azul,5,Gasolina,Publicado hace 2 meses
Ford Escape 2.0 Titanium At 4x4,78000000,2017,92.000 km,Blanco,5,Gasolina,Publicado hace 2 meses
Ford Edge 2.0 Titanium 4x2 At,83000000,2018,81.000 km,Gris,5,Gasolina,Publicado hace 2 meses
Ford Escape 3.0 Xlt,32000000,2009,146.000 km,Plateado,5,Gasolina,Publicado hace 2 meses
Dodge Durango 5.7 2017,140000000,2017,52.300 km,Gris,5,Gasolina,Publicado hace 2 meses
BMW X3 2.0 Xdrive30i,172000000,2020,17.732 km,Negro,5,Gasolina,Publicado hace 2 meses
Mercedes-benz Clase C 200 Cgi Exclusive 2020 Avantgarde,96000000,2020,35.691 km,Gris,5,Gasolina,Publicado hace 2 meses
Hyundai H1 Van Carga Diesel Mt 2012,69000000,2012,162.000 km,Blanco,5,Diésel,Publicado hace 2 meses
Great Wall Wingle S Teed 2.3 4x2,79990000,2022,38.000 km,Plateado,4,Gasolina,Publicado hace 2 meses
